,precision,recall,f1-score,support,ROC_AUC
Income <= 50K,0.8857307470712502,0.9328478964401294,0.9086789478869076,4944.0,
Income > 50K,0.7455938697318008,0.6205357142857143,0.6773407587887226,1568.0,
accuracy,0.8576474201474201,0.8576474201474201,0.8576474201474201,0.8576474201474201,0.911533537869031
macro avg,0.8156623084015255,0.7766918053629219,0.7930098533378152,6512.0,
weighted avg,0.8519877151811617,0.8576474201474201,0.8529758949836592,6512.0,
