,precision,recall,f1-score,support,ROC_AUC
Income <= 50K,0.8769054878048781,0.9308252427184466,0.903061224489796,4944.0,
Income > 50K,0.7294303797468354,0.5880102040816326,0.6511299435028248,1568.0,
accuracy,0.8482800982800983,0.8482800982800983,0.8482800982800983,0.8482800982800983,0.9067511485783633
macro avg,0.8031679337758568,0.7594177234000397,0.7770955839963103,6512.0,
weighted avg,0.8413955109260373,0.8482800982800983,0.8423996384044811,6512.0,
