,precision,recall,f1-score,support,ROC_AUC
Income <= 50K,0.884125144843569,0.9259708737864076,0.904564315352697,4944.0,
Income > 50K,0.7256371814092953,0.6173469387755102,0.6671261199172983,1568.0,
accuracy,0.8516584766584766,0.8516584766584766,0.8516584766584766,0.8516584766584766,0.9054053356779606
macro avg,0.8048811631264321,0.7716589062809589,0.7858452176349977,6512.0,
weighted avg,0.845963423918363,0.8516584766584766,0.8473924648547386,6512.0,
