,precision,recall,f1-score,support,ROC_AUC
Income <= 50K,0.8844086021505376,0.9316343042071198,0.9074074074074074,4944.0,
Income > 50K,0.74079754601227,0.6160714285714286,0.6727019498607243,1568.0,
accuracy,0.8556511056511057,0.8556511056511057,0.8556511056511057,0.8556511056511057,0.9096583263159633
macro avg,0.8126030740814039,0.7738528663892742,0.7900546786340659,6512.0,
weighted avg,0.8498290358076622,0.8556511056511057,0.850893562592727,6512.0,
