,precision,recall,f1-score,support,ROC_AUC
Income <= 50K,0.8827586206896552,0.9320388349514565,0.9067296340023612,4944.0,
Income > 50K,0.740139211136891,0.609942638623327,0.6687631027253669,1569.0,
accuracy,0.8544449562413634,0.8544449562413634,0.8544449562413634,0.8544449562413634,0.9077971560637843
macro avg,0.8114489159132731,0.7709907367873916,0.7877463683638641,6513.0,
weighted avg,0.8484012042013569,0.8544449562413634,0.8494028279876822,6513.0,
