,precision,recall,f1-score,support,ROC_AUC
No recidivism,0.6864686468646864,0.7868852459016393,0.7332549941245594,793.0,
Recidivism,0.6835205992509363,0.5615384615384615,0.6165540540540541,650.0,
accuracy,0.6853776853776854,0.6853776853776854,0.6853776853776854,0.6853776853776854,0.7324852071005918
macro avg,0.6849946230578114,0.6742118537200504,0.6749045240893068,1443.0,
weighted avg,0.6851406974891233,0.6853776853776854,0.6806870031018093,1443.0,
