,precision,recall,f1-score,support,ROC_AUC
No recidivism,0.6744444444444444,0.7664141414141414,0.7174940898345153,792.0,
Recidivism,0.6593001841620626,0.5499231950844854,0.5996649916247906,651.0,
accuracy,0.6687456687456688,0.6687456687456688,0.6687456687456688,0.6687456687456688,0.7210206907787553
macro avg,0.6668723143032536,0.6581686682493134,0.658579540729653,1443.0,
weighted avg,0.6676122105956359,0.6687456687456688,0.6643362638230594,1443.0,
