,precision,recall,f1-score,support,ROC_AUC
No recidivism,0.6871569703622393,0.7904040404040404,0.735173223722842,792.0,
Recidivism,0.687382297551789,0.5615384615384615,0.6181202370872142,650.0,
accuracy,0.687239944521498,0.687239944521498,0.687239944521498,0.687239944521498,0.7408469308469309
macro avg,0.6872696339570141,0.675971250971251,0.6766467304050281,1442.0,
weighted avg,0.6872585394837424,0.687239944521498,0.6824100882768239,1442.0,
