,precision,recall,f1-score,support,ROC_AUC
No recidivism,0.7013422818791947,0.7906683480453972,0.7433313574392412,793.0,
Recidivism,0.697632058287796,0.5892307692307692,0.6388657214345288,650.0,
accuracy,0.6999306999306999,0.6999306999306999,0.6999306999306999,0.6999306999306999,0.7433475603841304
macro avg,0.6994871700834953,0.6899495586380833,0.6910985394368849,1443.0,
weighted avg,0.6996710099911773,0.6999306999306999,0.6962747646443257,1443.0,
