,precision,recall,f1-score,support,ROC_AUC
No recidivism,0.6746463547334058,0.7818411097099621,0.7242990654205607,793.0,
Recidivism,0.6698473282442748,0.54,0.5979557069846679,650.0,
accuracy,0.6729036729036729,0.6729036729036729,0.6729036729036729,0.6729036729036729,0.7240867203414492
macro avg,0.6722468414888403,0.660920554854981,0.6611273862026144,1443.0,
weighted avg,0.6724846310896531,0.6729036729036729,0.66738764270169,1443.0,
