,precision,recall,f1-score,support,ROC_AUC
Bad,0.7158570119156737,0.7604673807205453,0.7374881964117093,1027.0,
Good,0.7214043035107588,0.672650475184794,0.6961748633879781,947.0,
accuracy,0.7183383991894631,0.7183383991894631,0.7183383991894631,0.7183383991894631,0.7794572930044037
macro avg,0.7186306577132162,0.7165589279526696,0.7168315298998437,1974.0,
weighted avg,0.7185182505886958,0.7183383991894631,0.7176686795051878,1974.0,
