,precision,recall,f1-score,support,ROC_AUC
Bad,0.7430488974113135,0.7546251217137293,0.7487922705314008,1027.0,
Good,0.7293233082706767,0.7170010559662091,0.7231096911608095,947.0,
accuracy,0.7365754812563323,0.7365754812563323,0.7365754812563323,0.7365754812563323,0.8014999449910495
macro avg,0.7361861028409951,0.7358130888399692,0.7359509808461051,1974.0,
weighted avg,0.7364642302805217,0.7365754812563323,0.7364713978546278,1974.0,
