,precision,recall,f1-score,support,ROC_AUC
Bad,0.7339015151515151,0.7546251217137293,0.744119059049448,1027.0,
Good,0.7254901960784313,0.7032734952481521,0.7142091152815013,947.0,
accuracy,0.7299898682877406,0.7299898682877406,0.7299898682877406,0.7299898682877406,0.7953821271292834
macro avg,0.7296958556149733,0.7289493084809406,0.7291640871654747,1974.0,
weighted avg,0.7298662977441137,0.7299898682877406,0.7297701650533763,1974.0,
