,precision,recall,f1-score,support,ROC_AUC
Bad,0.7419354838709677,0.7607003891050583,0.7512007684918348,1028.0,
Good,0.7328990228013029,0.7127771911298838,0.7226980728051391,947.0,
accuracy,0.7377215189873417,0.7377215189873417,0.7377215189873417,0.7377215189873417,0.8109111714650812
macro avg,0.7374172533361354,0.7367387901174711,0.736949420648487,1975.0,
weighted avg,0.7376025579808551,0.7377215189873417,0.7375339063068723,1975.0,
