,precision,recall,f1-score,support,ROC_AUC
Bad,0.7234242709313264,0.7487828627069133,0.7358851674641148,1027.0,
Good,0.716794731064764,0.689545934530095,0.7029063509149623,947.0,
accuracy,0.7203647416413373,0.7203647416413373,0.7203647416413373,0.7203647416413373,0.7895748270816774
macro avg,0.7201095009980452,0.7191643986185041,0.7193957591895386,1974.0,
weighted avg,0.7202438381787253,0.7203647416413373,0.7200640229493999,1974.0,
