,precision,recall,f1-score,support,ROC_AUC
Income <= 50K,0.8809201623815968,0.9217233009708736,0.9008599387170112,4944.0,
Income > 50K,0.7109783420463032,0.6071428571428571,0.6549707602339181,1568.0,
accuracy,0.8459766584766585,0.8459766584766585,0.8459766584766585,0.8459766584766585,0.899284292752295
macro avg,0.79594925221395,0.7644330790568654,0.7779153494754646,6512.0,
weighted avg,0.8400005103106907,0.8459766584766585,0.8416532077800501,6512.0,
