,precision,recall,f1-score,support,ROC_AUC
Income <= 50K,0.882160707420223,0.9281957928802588,0.9045929430317364,4944.0,
Income > 50K,0.7290076335877863,0.6090561224489796,0.6636553161917998,1568.0,
accuracy,0.8513513513513513,0.8513513513513513,0.8513513513513513,0.8513513513513513,0.902219785062083
macro avg,0.8055841705040047,0.7686259576646193,0.7841241296117683,6512.0,
weighted avg,0.845283554507253,0.8513513513513513,0.8465784776009901,6512.0,
