,precision,recall,f1-score,support,ROC_AUC
Income <= 50K,0.8750238140598209,0.929004854368932,0.9012067104875894,4944.0,
Income > 50K,0.7220902612826603,0.5816326530612245,0.6442953020134229,1568.0,
accuracy,0.8453624078624079,0.8453624078624079,0.8453624078624079,0.8453624078624079,0.8997733802258767
macro avg,0.7985570376712405,0.7553187537150783,0.7727510062505061,6512.0,
weighted avg,0.8381995187965242,0.8453624078624079,0.8393459782259963,6512.0,
