,precision,recall,f1-score,support,ROC_AUC
Income <= 50K,0.8785224676313785,0.933252427184466,0.9050608081600628,4944.0,
Income > 50K,0.7380952380952381,0.5931122448979592,0.6577086280056577,1568.0,
accuracy,0.8513513513513513,0.8513513513513513,0.8513513513513513,0.8513513513513513,0.9045099115192193
macro avg,0.8083088528633083,0.7631823360412127,0.7813847180828601,6512.0,
weighted avg,0.8447095229273447,0.8513513513513513,0.8455018065504025,6512.0,
