,precision,recall,f1-score,support,ROC_AUC
Income <= 50K,0.8786491127647396,0.9314320388349514,0.9042709867452136,4944.0,
Income > 50K,0.7334905660377359,0.5946462715105163,0.6568109820485745,1569.0,
accuracy,0.8502994011976048,0.8502994011976048,0.8502994011976048,0.8502994011976048,0.9011863399068935
macro avg,0.8060698394012378,0.7630391551727338,0.780540984396894,6513.0,
weighted avg,0.843680010996788,0.8502994011976048,0.8446571763093119,6513.0,
