,precision,recall,f1-score,support,ROC_AUC
No subscription,0.9013376014633588,0.9873512836568566,0.9423858474778868,7985.0,
"Yes, subscribed",0.6576271186440678,0.1835383159886471,0.2869822485207101,1057.0,
accuracy,0.8933864189338642,0.8933864189338642,0.8933864189338642,0.8933864189338642,0.7836663943569689
macro avg,0.7794823600537133,0.5854447998227519,0.6146840479992984,9042.0,
weighted avg,0.8728481101627626,0.8933864189338642,0.865769877106538,9042.0,
