,precision,recall,f1-score,support,ROC_AUC
No subscription,0.9037642454241972,0.9832185347526612,0.9418186180422264,7985.0,
"Yes, subscribed",0.6235955056179775,0.2098298676748582,0.3140028288543139,1058.0,
accuracy,0.892734711931881,0.892734711931881,0.892734711931881,0.892734711931881,0.7685889066574497
macro avg,0.7636798755210873,0.5965242012137597,0.6279107234482701,9043.0,
weighted avg,0.8709854633037747,0.892734711931881,0.8683663229011436,9043.0,
