,precision,recall,f1-score,support,ROC_AUC
No subscription,0.9001599268905643,0.9869739478957916,0.9415700800573544,7984.0,
"Yes, subscribed",0.6388888888888888,0.1739130434782608,0.2734026745913819,1058.0,
accuracy,0.8918380889183809,0.8918380889183809,0.8918380889183809,0.8918380889183809,0.7695569541729963
macro avg,0.7695244078897265,0.5804434956870262,0.6074863773243682,9042.0,
weighted avg,0.869588730451085,0.8918380889183809,0.8633881385639904,9042.0,
