,precision,recall,f1-score,support,ROC_AUC
No subscription,0.9060332871012484,0.9818386773547094,0.94241404183698,7984.0,
"Yes, subscribed",0.6282051282051282,0.2315689981096408,0.3383977900552486,1058.0,
accuracy,0.8940499889404999,0.8940499889404999,0.8940499889404999,0.8940499889404999,0.787938116308231
macro avg,0.7671192076531883,0.6067038377321752,0.6404059159461144,9042.0,
weighted avg,0.8735247500395258,0.8940499889404999,0.8717383954772066,9042.0,
