,precision,recall,f1-score,support,ROC_AUC
No subscription,0.9022237505731316,0.9858466933867736,0.9421833852046924,7984.0,
"Yes, subscribed",0.6446540880503144,0.1937618147448015,0.2979651162790698,1058.0,
accuracy,0.8931652289316523,0.8931652289316523,0.8931652289316523,0.8931652289316523,0.7649149906618531
macro avg,0.773438919311723,0.5898042540657875,0.6200742507418812,9042.0,
weighted avg,0.8720856502690905,0.8931652289316523,0.8668037204708605,9042.0,
