,precision,recall,f1-score,support,ROC_AUC
No recidivism,0.6857772877618522,0.7853535353535354,0.7321954090641555,792.0,
Recidivism,0.6822429906542056,0.5615384615384615,0.6160337552742616,650.0,
accuracy,0.6844660194174758,0.6844660194174758,0.6844660194174758,0.6844660194174758,0.7441433566433566
macro avg,0.6840101392080289,0.6734459984459984,0.6741145821692085,1442.0,
weighted avg,0.6841841579976564,0.6844660194174758,0.6798340533336208,1442.0,
