,precision,recall,f1-score,support,ROC_AUC
No recidivism,0.6797814207650273,0.7843631778058008,0.7283372365339578,793.0,
Recidivism,0.6761363636363636,0.5492307692307692,0.6061120543293718,650.0,
accuracy,0.6784476784476784,0.6784476784476784,0.6784476784476784,0.6784476784476784,0.7230012610340479
macro avg,0.6779588922006955,0.666796973518285,0.6672246454316648,1443.0,
weighted avg,0.6781395031395032,0.6784476784476784,0.6732808481535136,1443.0,
