,precision,recall,f1-score,support,ROC_AUC
No recidivism,0.6810344827586207,0.7969735182849937,0.7344567112144101,793.0,
Recidivism,0.6873786407766991,0.5446153846153846,0.607725321888412,650.0,
accuracy,0.6832986832986833,0.6832986832986833,0.6832986832986833,0.6832986832986833,0.7278707925113979
macro avg,0.6842065617676598,0.6707944514501891,0.671091016551411,1443.0,
weighted avg,0.683892211595593,0.6832986832986833,0.6773704998063028,1443.0,
