,precision,recall,f1-score,support,ROC_AUC
No recidivism,0.6695938529088913,0.7702020202020202,0.7163828537874339,792.0,
Recidivism,0.6578947368421053,0.5376344086021505,0.591715976331361,651.0,
accuracy,0.6652806652806653,0.6652806652806653,0.6652806652806653,0.6652806652806653,0.7132936507936508
macro avg,0.6637442948754984,0.6539182144020854,0.6540494150593974,1443.0,
weighted avg,0.6643158733111937,0.6652806652806653,0.6601402084486234,1443.0,
