,precision,recall,f1-score,support,ROC_AUC
No recidivism,0.698876404494382,0.7843631778058008,0.7391562685680332,793.0,
Recidivism,0.6907775768535263,0.5876923076923077,0.6350789692435578,650.0,
accuracy,0.6957726957726957,0.6957726957726957,0.6957726957726957,0.6957726957726957,0.73835386555437
macro avg,0.6948269906739541,0.6860277427490542,0.6871176189057955,1443.0,
weighted avg,0.695228283935438,0.6957726957726957,0.6922746022056568,1443.0,
