,precision,recall,f1-score,support,ROC_AUC
Income <= 50K,0.8959093527943154,0.9435679611650486,0.9191212688405084,4944.0,
Income > 50K,0.7862068965517242,0.6543367346938775,0.7142359902540898,1568.0,
accuracy,0.8739250614250614,0.8739250614250614,0.8739250614250614,0.8739250614250614,0.9313721847962486
macro avg,0.8410581246730198,0.7989523479294631,0.8166786295472991,6512.0,
weighted avg,0.8694945107506448,0.8739250614250614,0.8697877128172431,6512.0,
