,precision,recall,f1-score,support,ROC_AUC
Income <= 50K,0.88654503990878,0.9435679611650486,0.9141681363903588,4944.0,
Income > 50K,0.7768,0.6192602040816326,0.6891412349183818,1568.0,
accuracy,0.8654791154791155,0.8654791154791155,0.8654791154791155,0.8654791154791155,0.9264085564444224
macro avg,0.83167251995439,0.7814140826233407,0.8016546856543703,6512.0,
weighted avg,0.8601199443042089,0.8654791154791155,0.8599847547091455,6512.0,
