,precision,recall,f1-score,support,ROC_AUC
Income <= 50K,0.8926736441484301,0.948826860841424,0.9198941072654182,4944.0,
Income > 50K,0.7988871224165341,0.6405353728489483,0.7110010611956138,1569.0,
accuracy,0.8745585751573776,0.8745585751573776,0.8745585751573776,0.8745585751573776,0.9294884735809711
macro avg,0.8457803832824822,0.7946811168451862,0.815447584230516,6513.0,
weighted avg,0.8700802075451222,0.8745585751573776,0.8695711855268149,6513.0,
