,precision,recall,f1-score,support,ROC_AUC
Income <= 50K,0.8933512682551883,0.940331715210356,0.9162396531336224,4944.0,
Income > 50K,0.7744648318042814,0.6460459183673469,0.7044506258692629,1568.0,
accuracy,0.8694717444717445,0.8694717444717445,0.8694717444717445,0.8694717444717445,0.9264342266032628
macro avg,0.8339080500297349,0.7931888167888514,0.8103451395014426,6512.0,
weighted avg,0.8647250501417022,0.8694717444717445,0.8652437694188625,6512.0,
