,precision,recall,f1-score,support,ROC_AUC
Income <= 50K,0.9003283755070504,0.9427588996763754,0.9210552316964726,4944.0,
Income > 50K,0.7880149812734082,0.6709183673469388,0.7247674819152602,1568.0,
accuracy,0.8773034398034398,0.8773034398034398,0.8773034398034398,0.8773034398034398,0.9301142180173041
macro avg,0.8441716783902293,0.8068386335116571,0.8229113568058664,6512.0,
weighted avg,0.8732848555195887,0.8773034398034398,0.8737918423142642,6512.0,
