,precision,recall,f1-score,support,ROC_AUC
No College,0.9397590361445785,0.78,0.8524590163934427,100.0,
College,0.811965811965812,0.95,0.8755760368663594,100.0,
accuracy,0.865,0.865,0.865,0.865,0.9515
macro avg,0.8758624240551951,0.865,0.8640175266299011,200.0,
weighted avg,0.8758624240551951,0.865,0.8640175266299011,200.0,
