,precision,recall,f1-score,support,ROC_AUC
No College,0.8666666666666667,0.91,0.8878048780487805,100.0,
College,0.9052631578947368,0.86,0.8820512820512821,100.0,
accuracy,0.885,0.885,0.885,0.885,0.9591999999999999
macro avg,0.8859649122807018,0.885,0.8849280800500313,200.0,
weighted avg,0.8859649122807017,0.885,0.8849280800500313,200.0,
