,precision,recall,f1-score,support,ROC_AUC
No College,0.875,0.98,0.9245283018867924,100.0,
College,0.9772727272727272,0.86,0.9148936170212766,100.0,
accuracy,0.92,0.92,0.92,0.92,0.9773000000000001
macro avg,0.9261363636363636,0.92,0.9197109594540344,200.0,
weighted avg,0.9261363636363638,0.92,0.9197109594540344,200.0,
