,precision,recall,f1-score,support,ROC_AUC
No College,0.8349514563106796,0.86,0.8472906403940887,100.0,
College,0.8556701030927835,0.83,0.8426395939086294,100.0,
accuracy,0.845,0.845,0.845,0.845,0.9295
macro avg,0.8453107797017315,0.845,0.844965117151359,200.0,
weighted avg,0.8453107797017316,0.845,0.8449651171513591,200.0,
