,precision,recall,f1-score,support,ROC_AUC
No Stroke,0.9519136408243376,0.9969167523124358,0.9738955823293172,973.0,
Stroke,0.0,0.0,0.0,49.0,
accuracy,0.949119373776908,0.949119373776908,0.949119373776908,0.949119373776908,0.8079157665121547
macro avg,0.4759568204121688,0.4984583761562179,0.4869477911646586,1022.0,
weighted avg,0.9062739457163214,0.949119373776908,0.9272019585190076,1022.0,
