,precision,recall,f1-score,support,ROC_AUC
No College,0.8762886597938144,0.85,0.8629441624365483,100.0,
College,0.8543689320388349,0.88,0.8669950738916256,100.0,
accuracy,0.865,0.865,0.865,0.865,0.9357999999999999
macro avg,0.8653287959163247,0.865,0.8649696181640869,200.0,
weighted avg,0.8653287959163246,0.865,0.8649696181640869,200.0,
