,precision,recall,f1-score,support,ROC_AUC
No College,0.8181818181818182,0.9,0.8571428571428572,100.0,
College,0.8888888888888888,0.8,0.8421052631578948,100.0,
accuracy,0.85,0.85,0.85,0.85,0.9379
macro avg,0.8535353535353536,0.8500000000000001,0.849624060150376,200.0,
weighted avg,0.8535353535353536,0.85,0.8496240601503761,200.0,
