,precision,recall,f1-score,support,ROC_AUC
No College,0.8723404255319149,0.82,0.8453608247422681,100.0,
College,0.8301886792452831,0.88,0.8543689320388349,100.0,
accuracy,0.85,0.85,0.85,0.85,0.9262
macro avg,0.851264552388599,0.85,0.8498648783905516,200.0,
weighted avg,0.851264552388599,0.85,0.8498648783905515,200.0,
