,RMSE,MSE,MAE,EVS,R2,Max Error
0,0.6301508548226954,0.39709009983377375,0.4559157287999753,0.5518727347937423,0.5487641595821457,3.681913620153133
