,RMSE,MSE,MAE,EVS,R2,Max Error
0,0.7248466173795706,0.5254026187266057,0.49722995101848305,0.497131972728897,0.49658957529864733,6.741033030502243
