,RMSE,MSE,MAE,EVS,R2,Max Error
0,1.064201597998547,1.132525041182661,0.7210142505805909,0.2598449920170366,0.25305958437595577,4.076471913798415
