,RMSE,MSE,MAE,EVS,R2,Max Error
0,0.8839938119482856,0.7814450595628609,0.6560832428344755,0.16460839086044032,0.15651667699763183,3.9562987444458906
