,RMSE,MSE,MAE,EVS,R2,Max Error
0,0.8315427878322036,0.6914634079957532,0.5116723156755928,0.34631533943025716,0.3460757859227984,3.2189367345353777
