,RMSE,MSE,MAE,EVS,R2,Max Error
0,0.7503269326968989,0.5629905059303366,0.5176599024741844,0.4872036232826804,0.4821635662841942,3.2607942968221666
