,RMSE,MSE,MAE,EVS,R2,Max Error
0,0.721312437340555,0.520291632262172,0.4769865844776084,0.4643688420799007,0.46258642007352246,3.2730107320190607
