,RMSE,MSE,MAE,EVS,R2,Max Error
0,0.7096824979780046,0.5036492479363005,0.4781254722293988,0.4091674928335808,0.40522836915968696,3.5217124680692105
