,RMSE,MSE,MAE,EVS,R2,Max Error
0,0.6907336667478996,0.4771129983789984,0.4747562561759082,0.5331470876143264,0.5329165073836672,2.6507358881688314
