,RMSE,MSE,MAE,EVS,R2,Max Error
0,0.654172410001191,0.42794154200676626,0.46371030289708604,0.5315239159761885,0.5300117185328763,3.230579480973294
