,RMSE,MSE,MAE,EVS,R2,Max Error
0,0.6269803226642275,0.39310432500813886,0.45285023782253253,0.5568516632975178,0.5532934199538211,3.5915059791541912
