,RMSE,MSE,MAE,EVS,R2,Max Error
0,0.634170369042891,0.40217205697199654,0.46896675318013464,0.6155510161614779,0.615160080965792,4.76805748786687
