,RMSE,MSE,MAE,EVS,R2,Max Error
0,0.7349398374111048,0.5401365646138612,0.523916331565108,0.5176993487258192,0.5176383289550159,3.425638795697332
