,RMSE,MSE,MAE,EVS,R2,Max Error
0,0.6801988159158335,0.4626704291733019,0.4913821973901308,0.5575022655256858,0.556695933850901,2.9739546653346274
