,RMSE,MSE,MAE,EVS,R2,Max Error
0,0.7533809053704621,0.5675827885768171,0.5986839221191828,0.02789533199440386,0.026305463076824576,2.3646692006277323
