,RMSE,MSE,MAE,EVS,R2,Max Error
0,0.953214840113733,0.9086185314130496,0.7241715901738733,0.02441767662158978,0.019247010600417447,4.173994628121405
