,RMSE,MSE,MAE,EVS,R2,Max Error
0,1.0807999618155517,1.1681285574604978,0.7240566665200313,0.23089698128966818,0.22957780315328735,5.308275917025811
