,RMSE,MSE,MAE,EVS,R2,Max Error
0,0.86338277390478,0.7454298142755125,0.6669929300172475,0.2299629112707794,0.21718213558350763,2.757418103443961
