,RMSE,MSE,MAE,EVS,R2,Max Error
0,0.8852619312623166,0.7836886869422865,0.6590542482101632,0.2680910446241931,0.2660460426404544,3.634935904186597
