,RMSE,MSE,MAE,EVS,R2,Max Error
0,5225869469.74487,2.7309711714811535e+19,1450447198.6789641,-7.168406095115041e+19,-7.332157051522662e+19,22785435626.67144
