,RMSE,MSE,MAE,EVS,R2,Max Error
0,0.8931981411082097,0.7978029192791614,0.39433014294230595,0.3165376268974083,0.3109719489289161,4.992539463614898
