,RMSE,MSE,MAE,EVS,R2,Max Error
0,1.039202929926472,1.0799427295677637,0.5676878412829462,0.6011576925178734,0.5972609203113537,3.666664870693237
