,RMSE,MSE,MAE,EVS,R2,Max Error
0,4.172729056437366,17.41166777843667,1.7621550167389326,-51.82196135658018,-54.15734898942124,15.994071819471598
