,RMSE,MSE,MAE,EVS,R2,Max Error
0,0.5734025390421517,0.3287904717799862,0.3265280906525042,0.6245119674011372,0.6226078786361899,2.353353831320808
