,RMSE,MSE,MAE,EVS,R2,Max Error
0,0.7340370899265778,0.5388104493878789,0.533175210657622,0.3663068822195734,0.363705652278146,3.1078979716592223
