,RMSE,MSE,MAE,EVS,R2,Max Error
0,0.7810842452387806,0.6100925981602356,0.5418840174389022,0.406170378255184,0.40273230338257904,3.76888148989582
