,RMSE,MSE,MAE,EVS,R2,Max Error
0,0.7794095671973532,0.6074792734387655,0.5778263726716591,0.3826927930298909,0.37252957605638115,2.84889931301033
