,RMSE,MSE,MAE,EVS,R2,Max Error
0,0.8262871506904521,0.6827504553961459,0.5679814653747696,0.3835663949874629,0.3720088399076298,3.552652995273729
