,RMSE,MSE,MAE,EVS,R2,Max Error
0,0.9249770509686452,0.8555825448186518,0.5789031554141287,0.19141388454760266,0.19086659289692287,4.263678886828817
