,precision,recall,f1-score,support,ROC_AUC
Not Potable,0.6772983114446529,0.9025,0.7738478027867095,400.0,
Potable,0.680327868852459,0.3254901960784314,0.4403183023872679,255.0,
accuracy,0.6778625954198473,0.6778625954198473,0.6778625954198473,0.6778625954198473,0.6792941176470588
macro avg,0.678813090148556,0.6139950980392157,0.6070830525869887,655.0,
weighted avg,0.6784777574583789,0.6778625954198473,0.6440004400357818,655.0,
