,RMSE,MSE,MAE,EVS,R2,Max Error
0,0.627689483769512,0.3939940880348364,0.4600018301618159,0.5551071908582154,0.5522823321244024,3.648543270025246
