,RMSE,MSE,MAE,EVS,R2,Max Error
0,0.5607939410428656,0.31448984431038907,0.40450197750899103,0.6897277987055537,0.689727470541839,3.822122649960286
