,RMSE,MSE,MAE,EVS,R2,Max Error
0,0.5571963673289847,0.31046779176461686,0.3992493579356115,0.6833243202669698,0.6832846947901328,3.7663935772062245
