,RMSE,MSE,MAE,EVS,R2,Max Error
0,0.5262852022768295,0.27697611413556333,0.3857415897556292,0.7234144331075258,0.7234056292984608,3.404789147903792
