,RMSE,MSE,MAE,EVS,R2,Max Error
0,0.5660087010471423,0.3203658496610733,0.4141477143038791,0.6898287643463195,0.6898221177344981,3.2294324799490557
