,RMSE,MSE,MAE,EVS,R2,Max Error
0,0.5460306194992572,0.2981494374307427,0.39573559171337097,0.6933106641186437,0.6931190852077953,4.184416406818872
