,precision,recall,f1-score,support,ROC_AUC
Neutral or dissatisfied,0.9154605263157894,0.9453125,0.9301470588235292,11776.0,
Satisfied,0.9252986892471872,0.8858411993337035,0.9051401338931124,9005.0,
accuracy,0.9195418892257352,0.9195418892257352,0.9195418892257352,0.9195418892257352,0.9655141769065496
macro avg,0.9203796077814884,0.9155768496668516,0.9176435963583208,20781.0,
weighted avg,0.9197236829106228,0.9195418892257352,0.919310845022538,20781.0,
