,precision,recall,f1-score,support,ROC_AUC
Neutral or dissatisfied,0.8924413969063946,0.9505732484076432,0.9205905333717151,11775.0,
Satisfied,0.9293517844136926,0.8501943364797335,0.8880125268224786,9005.0,
accuracy,0.9070741097208854,0.9070741097208854,0.9070741097208854,0.9070741097208854,0.9541668358343028
macro avg,0.9108965906600436,0.9003837924436884,0.9043015300970968,20780.0,
weighted avg,0.9084364902414868,0.9070741097208854,0.9064728746144548,20780.0,
