,precision,recall,f1-score,support,ROC_AUC
Neutral or dissatisfied,0.9061812851209382,0.9448879076086956,0.9251299106214924,11776.0,
Satisfied,0.9236650199952952,0.8720710716268739,0.8971268635402981,9005.0,
accuracy,0.9133342957509264,0.9133342957509264,0.9133342957509264,0.9133342957509264,0.959588970046834
macro avg,0.9149231525581168,0.9084794896177848,0.9111283870808952,20781.0,
weighted avg,0.9137574860998894,0.9133342957509264,0.912995391639434,20781.0,
