,precision,recall,f1-score,support,ROC_AUC
Neutral or dissatisfied,0.9098106431603004,0.9465862771739132,0.9278341934409856,11776.0,
Satisfied,0.9262516121467932,0.8772903942254303,0.9011064218090568,9005.0,
accuracy,0.9165583946874548,0.9165583946874548,0.9165583946874548,0.9165583946874548,0.961628871264153
macro avg,0.9180311276535468,0.9119383356996718,0.9144703076250212,20781.0,
weighted avg,0.9169349839390584,0.9165583946874548,0.9162522876835378,20781.0,
