,precision,recall,f1-score,support,ROC_AUC
Neutral or dissatisfied,0.9098820658804392,0.9499830163043478,0.9295002284907148,11776.0,
Satisfied,0.9305915625736508,0.8769572459744587,0.9029786747470128,9005.0,
accuracy,0.9183388672344932,0.9183388672344932,0.9183388672344932,0.9183388672344932,0.9591889997706587
macro avg,0.920236814227045,0.9134701311394032,0.916239451618864,20781.0,
weighted avg,0.9188560814582444,0.9183388672344932,0.9180076828258268,20781.0,
