,RMSE,MSE,MAE,EVS,R2,Max Error
0,0.6886287535866893,0.47420956026635724,0.4830761526382544,0.5427951487797038,0.5427640708606251,3.751105099153728
