,RMSE,MSE,MAE,EVS,R2,Max Error
0,0.7114845907094417,0.5062103228169818,0.5165852205668827,0.5232514877850472,0.5228983149122772,3.346468507984086
