,RMSE,MSE,MAE,EVS,R2,Max Error
0,0.7314998928243067,0.5350920932019722,0.5294092204072173,0.48766185251730143,0.48747865719499195,3.425793060319208
