,RMSE,MSE,MAE,EVS,R2,Max Error
0,69447353728.22693,4.822934939853475e+21,1665830524.5295672,-4.99114087129118e+21,-4.99401429723903e+21,2895213450760.741
