,RMSE,MSE,MAE,EVS,R2,Max Error
0,491167191391.06586,2.412452098989879e+23,8330852890.043441,-2.5287847763054646e+23,-2.529512484154763e+23,28958044644086.07
