,RMSE,MSE,MAE,EVS,R2,Max Error
0,0.6675692169474233,0.4456486594157959,0.485352282730963,0.5433300262133047,0.5433300227733192,3.4958497183137163
