,precision,recall,f1-score,support,ROC_AUC
No College,0.8421052631578947,0.8,0.8205128205128205,100.0,
College,0.8095238095238095,0.85,0.8292682926829269,100.0,
accuracy,0.825,0.825,0.825,0.825,0.9216
macro avg,0.8258145363408521,0.825,0.8248905565978737,200.0,
weighted avg,0.8258145363408521,0.825,0.8248905565978737,200.0,
