,precision,recall,f1-score,support,ROC_AUC
No College,0.819047619047619,0.86,0.8390243902439023,100.0,
College,0.8526315789473684,0.81,0.8307692307692308,100.0,
accuracy,0.835,0.835,0.835,0.835,0.9359
macro avg,0.8358395989974937,0.835,0.8348968105065666,200.0,
weighted avg,0.8358395989974937,0.835,0.8348968105065666,200.0,
