,precision,recall,f1-score,support,ROC_AUC
No College,0.8709677419354839,0.81,0.8393782383419689,100.0,
College,0.822429906542056,0.88,0.8502415458937198,100.0,
accuracy,0.845,0.845,0.845,0.845,0.926
macro avg,0.84669882423877,0.845,0.8448098921178444,200.0,
weighted avg,0.84669882423877,0.845,0.8448098921178443,200.0,
