,RMSE,MSE,MAE,EVS,R2,Max Error
0,0.5432654730147978,0.295137374169992,0.4069535368792701,0.7263482246717934,0.7256129195229473,2.4569796402567325
