,RMSE,MSE,MAE,EVS,R2,Max Error
0,0.5338668307105428,0.2850137929329193,0.3928150679281681,0.7069505156412912,0.7059933950005519,1.8879052571858876
