,RMSE,MSE,MAE,EVS,R2,Max Error
0,0.6198976725940594,0.3842731244875316,0.4199678576954543,0.6082965228472319,0.6081998860738536,2.8467003780811835
