,RMSE,MSE,MAE,EVS,R2,Max Error
0,0.5391449818518051,0.29067731145598324,0.37673804254827636,0.69532179355722,0.6937287754658037,2.4219221454354227
