,RMSE,MSE,MAE,EVS,R2,Max Error
0,0.5773678339728311,0.33335361570647865,0.3969425249006015,0.6128458714800609,0.6127650043706399,2.4362302543222354
