,RMSE,MSE,MAE,EVS,R2,Max Error
0,0.6915716593337196,0.4782713599935943,0.46376394074071087,0.6307407336377369,0.6254431815565249,3.4412662840930834
