,RMSE,MSE,MAE,EVS,R2,Max Error
0,0.5428716672742382,0.2947096471291112,0.38711914860731966,0.6952894157218519,0.6822088484394916,2.2280927375657624
