,RMSE,MSE,MAE,EVS,R2,Max Error
0,0.8658172529463165,0.7496395154995058,0.6358050438054094,0.19732000726244214,0.1908472363481053,3.871692401697188
