,RMSE,MSE,MAE,EVS,R2,Max Error
0,1.0575793372046403,1.1184740544822063,0.6997690755229901,0.2744475883265509,0.2623267082490012,4.322479942294366
