,RMSE,MSE,MAE,EVS,R2,Max Error
0,0.8874848254070639,0.7876293153278067,0.6875326087543215,0.17293378578433305,0.17286606093695633,3.5481135471933887
