,RMSE,MSE,MAE,EVS,R2,Max Error
0,0.6718808778476668,0.4514239140173514,0.5456377819800625,0.22559880266423948,0.22557729416475525,1.9765892035580404
