,RMSE,MSE,MAE,EVS,R2,Max Error
0,0.8495266824531492,0.7216955841998539,0.6353831088725524,0.3247632575223116,0.3241049170952237,3.2839969879802373
