,precision,recall,f1-score,support,ROC_AUC
Neutral or dissatisfied,0.8765809704885509,0.9004755434782609,0.8883676119465505,11776.0,
Satisfied,0.8650391524643022,0.8342032204330927,0.8493413986093052,9005.0,
accuracy,0.8717578557336028,0.8717578557336028,0.8717578557336028,0.8717578557336028,0.9244627833570723
macro avg,0.8708100614764265,0.8673393819556767,0.8688545052779278,20781.0,
weighted avg,0.87157957155162,0.8717578557336028,0.8714564406313157,20781.0,
