,RMSE,MSE,MAE,EVS,R2,Max Error
0,0.3137369693198786,0.09843088591802245,0.21642697740662364,0.737446258117367,0.6881868644058324,0.9931848917847624
