,RMSE,MSE,MAE,EVS,R2,Max Error
0,0.9082548250394531,0.8249268272074475,0.583630642211004,0.7197926118619715,0.6923630650923738,2.8890190650082497
