,RMSE,MSE,MAE,EVS,R2,Max Error
0,0.420914462238798,0.17716898452177654,0.3016562953859485,0.7968537274434827,0.7966419813002159,1.3631338875539418
