,RMSE,MSE,MAE,EVS,R2,Max Error
0,0.3162758669797778,0.10003042403381009,0.22381186220604202,0.7359391987064698,0.7314366454668508,0.9520221192669439
