,RMSE,MSE,MAE,EVS,R2,Max Error
0,0.8824227168421142,0.778669851199018,0.6649377945415418,0.16296215269976,0.15951220681014056,4.011152831246405
