,RMSE,MSE,MAE,EVS,R2,Max Error
0,0.7097197936859735,0.5037021855496608,0.5502106066824617,0.13648714081410607,0.13589334247476004,2.5167930132961995
