,precision,recall,f1-score,support,ROC_AUC
Income <= 50K,0.8750714149685774,0.9294093851132686,0.9014222658165768,4944.0,
Income > 50K,0.7232355273592387,0.5816326530612245,0.6447507953340403,1568.0,
accuracy,0.8456695331695332,0.8456695331695332,0.8456695331695332,0.8456695331695332,0.9050076417095966
macro avg,0.7991534711639081,0.7555210190872466,0.7730865305753085,6512.0,
weighted avg,0.8385114223746827,0.8456695331695332,0.8396193073220103,6512.0,
