,precision,recall,f1-score,support,ROC_AUC
Bad,0.734447539461467,0.7702044790652386,0.7519011406844106,1027.0,
Good,0.7369007803790413,0.6979936642027456,0.7169197396963124,947.0,
accuracy,0.7355623100303952,0.7355623100303952,0.7355623100303952,0.7355623100303952,0.8005529684783291
macro avg,0.7356741599202541,0.7340990716339921,0.7344104401903615,1974.0,
weighted avg,0.7356244488580946,0.7355623100303952,0.7351192831688437,1974.0,
