,precision,recall,f1-score,support,ROC_AUC
Bad,0.730593607305936,0.7789678675754625,0.7540056550424129,1027.0,
Good,0.7417519908987485,0.6884899683210137,0.7141292442497261,947.0,
accuracy,0.7355623100303952,0.7355623100303952,0.7355623100303952,0.7355623100303952,0.8026566752590304
macro avg,0.7361727991023423,0.7337289179482381,0.7340674496460695,1974.0,
weighted avg,0.7359466920386581,0.7355623100303952,0.7348754822862456,1974.0,
