,precision,recall,f1-score,support,ROC_AUC
Bad,0.7474370922646785,0.7801556420233463,0.7634459781056638,1028.0,
Good,0.7494456762749445,0.7138331573389651,0.7312060573282855,947.0,
accuracy,0.7483544303797468,0.7483544303797468,0.7483544303797468,0.7483544303797468,0.8160287042020881
macro avg,0.7484413842698114,0.7469943996811557,0.7473260177169747,1975.0,
weighted avg,0.748400195585044,0.7483544303797468,0.7479871401430425,1975.0,
