,precision,recall,f1-score,support,ROC_AUC
Not Potable,0.6427255985267035,0.8725,0.7401908801696713,400.0,
Potable,0.5446428571428571,0.2392156862745098,0.332425068119891,255.0,
accuracy,0.6259541984732825,0.6259541984732825,0.6259541984732825,0.6259541984732825,0.6077058823529412
macro avg,0.5936842278347803,0.555857843137255,0.5363079741447812,655.0,
weighted avg,0.6045407144765038,0.6259541984732825,0.5814423579212835,655.0,
