,precision,recall,f1-score,support,ROC_AUC
Not Potable,0.6215780998389694,0.965,0.7561214495592556,400.0,
Potable,0.6,0.08203125,0.1443298969072164,256.0,
accuracy,0.6204268292682927,0.6204268292682927,0.6204268292682927,0.6204268292682927,0.5301074218749999
macro avg,0.6107890499194847,0.5235156249999999,0.450225673233236,656.0,
weighted avg,0.613157377950591,0.6204268292682927,0.517373526573094,656.0,
