,precision,recall,f1-score,support,ROC_AUC
Not Potable,0.6173228346456693,0.98,0.7574879227053141,400.0,
Potable,0.6,0.0470588235294117,0.0872727272727272,255.0,
accuracy,0.616793893129771,0.616793893129771,0.616793893129771,0.616793893129771,0.5635
macro avg,0.6086614173228346,0.5135294117647059,0.4223803249890207,655.0,
weighted avg,0.610578830317966,0.616793893129771,0.496564449674307,655.0,
