,precision,recall,f1-score,support,ROC_AUC
Not Potable,0.631578947368421,0.9022556390977444,0.7430340557275541,399.0,
Potable,0.5411764705882353,0.1796875,0.2697947214076246,256.0,
accuracy,0.6198473282442748,0.6198473282442748,0.6198473282442748,0.6198473282442748,0.5639587249373434
macro avg,0.5863777089783282,0.5409715695488722,0.5064143885675894,655.0,
weighted avg,0.5962460709474628,0.6198473282442748,0.558073338802513,655.0,
