,precision,recall,f1-score,support,ROC_AUC
Not Potable,0.6265270506108203,0.899749373433584,0.7386831275720164,399.0,
Potable,0.5121951219512195,0.1640625,0.2485207100591716,256.0,
accuracy,0.6122137404580152,0.6122137404580152,0.6122137404580152,0.6122137404580152,0.5460036810776943
macro avg,0.5693610862810199,0.531905936716792,0.493601918815594,655.0,
weighted avg,0.5818415945240145,0.6122137404580152,0.5471081979792098,655.0,
