,RMSE,MSE,MAE,EVS,R2,Max Error
0,0.3965921509259636,0.15728533417608231,0.24294738288946055,0.8409704960493329,0.8409693748923912,3.1088236525299986
