,RMSE,MSE,MAE,EVS,R2,Max Error
0,0.40019563744130293,0.1601565482270508,0.24447823203190167,0.8426647465103194,0.8426519962032187,3.071621883727934
