,precision,recall,f1-score,support,ROC_AUC
Neutral or dissatisfied,0.912833918797484,0.9488790760869564,0.9305075571470208,11776.0,
Satisfied,0.9295081967213116,0.8815102720710716,0.9048731832430892,9005.0,
accuracy,0.919686251864684,0.919686251864684,0.919686251864684,0.919686251864684,0.9620183457861574
macro avg,0.9211710577593976,0.915194674079014,0.9176903701950552,20781.0,
weighted avg,0.9200593589930504,0.919686251864684,0.9193994518101792,20781.0,
