,precision,recall,f1-score,support,ROC_AUC
Neutral or dissatisfied,0.9003277116137799,0.9565217391304348,0.927574422530572,11776.0,
Satisfied,0.9380894800483676,0.8615213770127707,0.8981765557163531,9005.0,
accuracy,0.9153553726962128,0.9153553726962128,0.9153553726962128,0.9153553726962128,0.9568190151003066
macro avg,0.9192085958310736,0.9090215580716028,0.9128754891234624,20781.0,
weighted avg,0.91669096288915,0.9153553726962128,0.914835488376198,20781.0,
