,precision,recall,f1-score,support,ROC_AUC
Neutral or dissatisfied,0.8997838789722244,0.9545686141304348,0.9263669702089086,11776.0,
Satisfied,0.9354488416988416,0.8609661299278178,0.8966633898109061,9005.0,
accuracy,0.9140079880660218,0.9140079880660218,0.9140079880660218,0.9140079880660218,0.9565357523296237
macro avg,0.9176163603355332,0.9077673720291264,0.9115151800099072,20781.0,
weighted avg,0.9152385245308208,0.9140079880660218,0.9134955616393492,20781.0,
