,precision,recall,f1-score,support,ROC_AUC
Neutral or dissatisfied,0.914049721949624,0.9491338315217392,0.9312614564239294,11776.0,
Satisfied,0.9299660937682684,0.8832870627429206,0.9060257432509398,9005.0,
accuracy,0.920600548578028,0.920600548578028,0.920600548578028,0.920600548578028,0.9681461970855564
macro avg,0.9220079078589462,0.9162104471323298,0.9186435998374346,20781.0,
weighted avg,0.9209467398133884,0.920600548578028,0.9203261021521056,20781.0,
