,precision,recall,f1-score,support,ROC_AUC
Neutral or dissatisfied,0.9016301292861156,0.9535456475583864,0.9268614825821364,11775.0,
Satisfied,0.9343100756574996,0.863964464186563,0.897761366258943,9005.0,
accuracy,0.9147256977863332,0.9147256977863332,0.9147256977863332,0.9147256977863332,0.9576058877410638
macro avg,0.9179701024718075,0.9087550558724748,0.9123114244205396,20780.0,
weighted avg,0.91579196360153,0.9147256977863332,0.914250965378558,20780.0,
