,RMSE,MSE,MAE,EVS,R2,Max Error
0,0.8742645348563371,0.7643384769075676,0.6183772304322638,0.27769652007974466,0.27715706714039723,3.1354803966662246
