,RMSE,MSE,MAE,EVS,R2,Max Error
0,0.8498114636810947,0.7221795238038046,0.6330244312709942,0.14790812812405874,0.1471606581519309,3.1137937749597255
