,RMSE,MSE,MAE,EVS,R2,Max Error
0,0.8690182088092163,0.7551926472419787,0.6416386548358431,0.3149488416115862,0.3053767992588945,3.08013670655349
