,RMSE,MSE,MAE,EVS,R2,Max Error
0,0.80581226004638,0.6493333984410548,0.5774644503502453,0.36699231649102715,0.36431639329315113,2.6623231519514317
