,RMSE,MSE,MAE,EVS,R2,Max Error
0,0.8236185368249688,0.6783474942017025,0.6072008996366477,0.3078374570358263,0.2993291979191468,3.4023415315675467
