,RMSE,MSE,MAE,EVS,R2,Max Error
0,0.8091541214316655,0.6547303922298505,0.6096821887672641,0.3290995647107745,0.32907749862598645,3.798264752603267
