,RMSE,MSE,MAE,EVS,R2,Max Error
0,0.8401009645775694,0.7057696306841625,0.6246197240065243,0.33539842065598857,0.3348142759923628,3.7596502877719713
