,RMSE,MSE,MAE,EVS,R2,Max Error
0,0.7888249798338924,0.6222448488099408,0.593172773621038,0.3481784613530905,0.34756171369173305,3.2896601327030797
