,precision,recall,f1-score,support,ROC_AUC
Income <= 50K,0.8818427139552815,0.9253640776699028,0.9030793525463876,4944.0,
Income > 50K,0.7212990936555891,0.6090561224489796,0.6604426002766252,1568.0,
accuracy,0.8492014742014742,0.8492014742014742,0.8492014742014742,0.8492014742014742,0.9032618129169143
macro avg,0.8015709038054353,0.7672101000594412,0.7817609764115064,6512.0,
weighted avg,0.8431860191411049,0.8492014742014742,0.8446557610907691,6512.0,
