,precision,recall,f1-score,support,ROC_AUC
Income <= 50K,0.8819230769230769,0.927588996763754,0.904179810725552,4944.0,
Income > 50K,0.7273419649657273,0.6086679413639261,0.662734212352533,1569.0,
accuracy,0.8507600184246891,0.8507600184246891,0.8507600184246891,0.8507600184246891,0.9065091807079314
macro avg,0.8046325209444021,0.7681284690638401,0.7834570115390425,6513.0,
weighted avg,0.8446840527159403,0.8507600184246891,0.8460148876720794,6513.0,
