,precision,recall,f1-score,support,ROC_AUC
Income <= 50K,0.8813107258525433,0.9356796116504854,0.9076817423722162,4944.0,
Income > 50K,0.7482185273159145,0.6026785714285714,0.6676086188625927,1568.0,
accuracy,0.855497542997543,0.855497542997543,0.855497542997543,0.855497542997543,0.9084190639241134
macro avg,0.814764626584229,0.7691790915395285,0.7876451806174045,6512.0,
weighted avg,0.8492639556889324,0.855497542997543,0.8498754374485232,6512.0,
