,precision,recall,f1-score,support,ROC_AUC
Income <= 50K,0.879631407179881,0.926779935275081,0.9025903673790996,4944.0,
Income > 50K,0.7221795855717574,0.6001275510204082,0.6555207244862418,1568.0,
accuracy,0.8481265356265356,0.8481265356265356,0.8481265356265356,0.8481265356265356,0.906614542054686
macro avg,0.8009054963758192,0.7634537431477446,0.7790555459326707,6512.0,
weighted avg,0.8417191749499151,0.8481265356265356,0.8430993968545295,6512.0,
