,precision,recall,f1-score,support,ROC_AUC
Income <= 50K,0.8794056010668699,0.9336569579288024,0.905719611498087,4944.0,
Income > 50K,0.7403008709422011,0.5963010204081632,0.6605439773931473,1568.0,
accuracy,0.8524262899262899,0.8524262899262899,0.8524262899262899,0.8524262899262899,0.9092357361633974
macro avg,0.8098532360045355,0.7649789891684828,0.7831317944456171,6512.0,
weighted avg,0.8459110960245664,0.8524262899262899,0.8466846922295758,6512.0,
