,RMSE,MSE,MAE,EVS,R2,Max Error
0,57859208196.02006,3.347687973070395e+21,11419886306.985487,-1.2302095796471354e+21,-1.248440992698513e+21,358697887535.18036
