,RMSE,MSE,MAE,EVS,R2,Max Error
0,71524478861.03688,5.115751076342912e+21,11309013084.570864,-4.3077977167295467e+21,-4.418254068413543e+21,452360523314.8848
