,RMSE,MSE,MAE,EVS,R2,Max Error
0,9452981992.584427,8.935886855212545e+19,1494647689.1342533,-2.3391437939194036e+20,-2.3991218399248296e+20,59785907554.24741
