,RMSE,MSE,MAE,EVS,R2,Max Error
0,974063313606.544,9.487993389141603e+23,179414199136.69403,-1.0715450331788835e+24,-1.0890504013784243e+24,6058180840546.714
