,RMSE,MSE,MAE,EVS,R2,Max Error
0,0.6719657411264397,0.4515379572476054,0.3551544894231383,-0.40323517929025443,-0.430399259094566,3.161306057092935
