,precision,recall,f1-score,support,ROC_AUC
No subscription,0.9010976446375486,0.9869755792110206,0.9420835574681728,7985.0,
"Yes, subscribed",0.6486486486486487,0.1816461684011353,0.2838137472283814,1057.0,
accuracy,0.8928334439283344,0.8928334439283344,0.8928334439283344,0.8928334439283344,0.7788199136389243
macro avg,0.7748731466430987,0.5843108738060779,0.6129486523482771,9042.0,
weighted avg,0.8715866306184967,0.8928334439283344,0.8651325301043751,9042.0,
