,precision,recall,f1-score,support,ROC_AUC
No subscription,0.9004002287021154,0.9862224448897796,0.9413593161575706,7984.0,
"Yes, subscribed",0.6296296296296297,0.1767485822306238,0.2760147601476014,1058.0,
accuracy,0.891506303915063,0.891506303915063,0.891506303915063,0.891506303915063,0.755526826336984
macro avg,0.7650149291658725,0.5814855135602016,0.6086870381525861,9042.0,
weighted avg,0.86871749326541,0.891506303915063,0.8635076748991601,9042.0,
