,precision,recall,f1-score,support,ROC_AUC
No subscription,0.9008462946020128,0.986474639949906,0.941717974774344,7985.0,
"Yes, subscribed",0.6387959866220736,0.1805293005671077,0.2815033161385409,1058.0,
accuracy,0.8921817980758597,0.8921817980758597,0.8921817980758597,0.8921817980758597,0.7621504403933178
macro avg,0.7698211406120432,0.5835019702585069,0.6116106454564424,9043.0,
weighted avg,0.8701873068940867,0.8921817980758597,0.8644751229733177,9043.0,
