,precision,recall,f1-score,support,ROC_AUC
No subscription,0.8984268125854993,0.9870991983967936,0.940677966101695,7984.0,
"Yes, subscribed",0.6185185185185185,0.1578449905482041,0.2515060240963855,1058.0,
accuracy,0.8900685689006856,0.8900685689006856,0.8900685689006856,0.8900685689006856,0.7658959222793412
macro avg,0.7584726655520089,0.5724720944724989,0.5960919950990402,9042.0,
weighted avg,0.8656748799242666,0.8900685689006856,0.8600382940555087,9042.0,
