,precision,recall,f1-score,support,ROC_AUC
No subscription,0.9038925249741646,0.9859719438877756,0.9431498232792188,7984.0,
"Yes, subscribed",0.6636636636636637,0.2088846880907372,0.3177570093457944,1058.0,
accuracy,0.8950453439504534,0.8950453439504534,0.8950453439504534,0.8950453439504534,0.7733135221293249
macro avg,0.7837780943189141,0.5974283159892564,0.6304534163125066,9042.0,
weighted avg,0.8757834633432744,0.8950453439504534,0.8699729158315785,9042.0,
