,RMSE,MSE,MAE,EVS,R2,Max Error
0,0.32135318507492155,0.1032678695577968,0.23394048719733962,0.881862394791141,0.8814671235752324,1.0392737974566493
