,RMSE,MSE,MAE,EVS,R2,Max Error
0,0.26038798436604743,0.06780190240221295,0.19685277514008184,0.9452314895036095,0.9414424144833674,0.6775866550819152
