,RMSE,MSE,MAE,EVS,R2,Max Error
0,0.2860285356777356,0.08181232322194967,0.18850249379833803,0.7409918260489299,0.740831784696872,0.9530100246601447
