,RMSE,MSE,MAE,EVS,R2,Max Error
0,3.6672995871092153,13.44908626161142,0.7510091383985878,-11.950071251618958,-11.967696073966666,108.0854762777312
