,RMSE,MSE,MAE,EVS,R2,Max Error
0,3.109380920673506,9.668249709848421,0.7255073829413906,-8.8163750242579,-8.817305272460725,84.56386505338799
