,RMSE,MSE,MAE,EVS,R2,Max Error
0,0.8095882373521205,0.6554331140589135,0.6030460551143331,0.3666783713406898,0.3663261464852705,4.8324943796401305
