,RMSE,MSE,MAE,EVS,R2,Max Error
0,0.8478429015066881,0.7188375856352796,0.6266493942670979,0.299444262640563,0.29897746275438186,3.932364398291451
