,RMSE,MSE,MAE,EVS,R2,Max Error
0,0.7714939106161578,0.5952028541178122,0.5851776707956103,0.3508777115942173,0.35020486616819246,3.7073294514847714
