,RMSE,MSE,MAE,EVS,R2,Max Error
0,0.3265279337736699,0.10662049153450215,0.23231874753834827,0.8792367604279886,0.8776189186285683,0.9695304840855079
