,RMSE,MSE,MAE,EVS,R2,Max Error
0,0.3489568377640319,0.1217708746222729,0.2595296140290581,0.9046608853947192,0.8948317355193243,0.9790507080272963
