,precision,recall,f1-score,support,ROC_AUC
No rain tomorrow,0.8730278616985566,0.9430267869283416,0.9066782873951412,22063.0,
Rain tomorrow,0.7271543303668331,0.5254077791718946,0.6100336884275699,6376.0,
accuracy,0.8493969548858962,0.8493969548858962,0.8493969548858962,0.8493969548858962,0.8726664577102721
macro avg,0.8000910960326948,0.7342172830501181,0.7583559879113555,28439.0,
weighted avg,0.8403231380524695,0.8493969548858962,0.8401708165622274,28439.0,
