,precision,recall,f1-score,support,ROC_AUC
No rain tomorrow,0.8677413979838374,0.944159905724516,0.904339143458725,22063.0,
Rain tomorrow,0.7220843672456576,0.502038895859473,0.5922842076047738,6376.0,
accuracy,0.8450367453145329,0.8450367453145329,0.8450367453145329,0.8450367453145329,0.8713364293115
macro avg,0.7949128826147476,0.7230994007919946,0.7483116755317494,28439.0,
weighted avg,0.835085213589638,0.8450367453145329,0.8343766879924712,28439.0,
