,precision,recall,f1-score,support,ROC_AUC
No rain tomorrow,0.8738821948864351,0.9434347096949643,0.907327492262761,22063.0,
Rain tomorrow,0.7298116475427582,0.5287843137254902,0.6132435874113153,6375.0,
accuracy,0.8504817497714325,0.8504817497714325,0.8504817497714325,0.8504817497714325,0.8770771151773041
macro avg,0.8018469212145967,0.7361095117102273,0.7602855398370382,28438.0,
weighted avg,0.8415856290479113,0.8504817497714325,0.8414021496427466,28438.0,
