,precision,recall,f1-score,support,ROC_AUC
No rain tomorrow,0.8703680494631741,0.9442958799800572,0.9058260869565218,22063.0,
Rain tomorrow,0.7269495667629415,0.5132549019607843,0.6016917984553144,6375.0,
accuracy,0.8476686124200014,0.8476686124200014,0.8476686124200014,0.8476686124200014,0.8745539413426613
macro avg,0.7986588081130579,0.7287753909704207,0.7537589427059181,28438.0,
weighted avg,0.8382176581834082,0.8476686124200014,0.8376477309119618,28438.0,
