,precision,recall,f1-score,support,ROC_AUC
No rain tomorrow,0.8685954892233293,0.9442984046410442,0.9048663438361816,22064.0,
Rain tomorrow,0.7239442946990117,0.5055686274509804,0.5953634432437426,6375.0,
accuracy,0.8459509828053026,0.8459509828053026,0.8459509828053026,0.8459509828053026,0.8740743932090603
macro avg,0.7962698919611705,0.7249335160460123,0.7501148935399622,28439.0,
weighted avg,0.8361698988336348,0.8459509828053026,0.835486935584246,28439.0,
