,precision,recall,f1-score,support,ROC_AUC
Not Potable,0.6819923371647509,0.89,0.772234273318872,400.0,
Potable,0.6691729323308271,0.3490196078431372,0.4587628865979382,255.0,
accuracy,0.6793893129770993,0.6793893129770993,0.6793893129770993,0.6793893129770993,0.6836764705882352
macro avg,0.675582634747789,0.6195098039215686,0.6154985799584051,655.0,
weighted avg,0.6770015765042157,0.6793893129770993,0.6501957945191191,655.0,
