,precision,recall,f1-score,support,ROC_AUC
Not Potable,0.6729559748427673,0.8025,0.7320410490307868,400.0,
Potable,0.5561797752808989,0.388235294117647,0.4572748267898383,255.0,
accuracy,0.6412213740458015,0.6412213740458015,0.6412213740458015,0.6412213740458015,0.6523921568627451
macro avg,0.6145678750618331,0.5953676470588235,0.5946579379103125,655.0,
weighted avg,0.6274934849370017,0.6412213740458015,0.6250709930438527,655.0,
