,precision,recall,f1-score,support,ROC_AUC
Not Potable,0.6520210896309314,0.9298245614035088,0.7665289256198348,399.0,
Potable,0.6744186046511628,0.2265625,0.3391812865497076,256.0,
accuracy,0.6549618320610687,0.6549618320610687,0.6549618320610687,0.6549618320610687,0.6406739505012531
macro avg,0.6632198471410471,0.5781935307017544,0.5528551060847712,655.0,
weighted avg,0.6607749275625027,0.6549618320610687,0.5995045048534949,655.0,
