,precision,recall,f1-score,support,ROC_AUC
Not Potable,0.6770428015564203,0.8721804511278195,0.7623220153340635,399.0,
Potable,0.6382978723404256,0.3515625,0.4534005037783375,256.0,
accuracy,0.6687022900763359,0.6687022900763359,0.6687022900763359,0.6687022900763359,0.6589814379699248
macro avg,0.6576703369484229,0.6118714755639098,0.6078612595562005,655.0,
weighted avg,0.6618997452521537,0.6687022900763359,0.6415832260848027,655.0,
