,precision,recall,f1-score,support,ROC_AUC
Not Potable,0.6703296703296703,0.7625,0.7134502923976608,400.0,
Potable,0.527363184079602,0.4140625,0.4638949671772429,256.0,
accuracy,0.6265243902439024,0.6265243902439024,0.6265243902439024,0.6265243902439024,0.6454492187499999
macro avg,0.5988464272046361,0.58828125,0.5886726297874518,656.0,
weighted avg,0.6145378708174485,0.6265243902439024,0.616062848409205,656.0,
