,RMSE,MSE,MAE,EVS,R2,Max Error
0,0.8292832886531475,0.6877107728393795,0.6528215128195244,0.3371776276503595,0.3351200508774538,3.819212957452745
