,RMSE,MSE,MAE,EVS,R2,Max Error
0,0.7806639950497907,0.6094362731670996,0.6059447531227788,0.3357488689697201,0.33466595137295985,3.93503820816931
