,RMSE,MSE,MAE,EVS,R2,Max Error
0,0.8455936802678147,0.7150286721088672,0.6525844898245197,0.30325086450692984,0.3026919794655176,3.622006044068676
