,RMSE,MSE,MAE,EVS,R2,Max Error
0,0.8182672260312478,0.6695612531968731,0.6438668231590123,0.32012985395975746,0.32011611010116037,4.0024581828698444
