,RMSE,MSE,MAE,EVS,R2,Max Error
0,0.4856111303851574,0.23581816995395036,0.34602995425529137,0.7952937046060681,0.7952936778331954,1.9362089554220887
