,RMSE,MSE,MAE,EVS,R2,Max Error
0,0.4832012269598107,0.2334834257354665,0.3488329067946131,0.7832443447577145,0.7829321491136002,1.9089320653444104
