,RMSE,MSE,MAE,EVS,R2,Max Error
0,0.5034726264923567,0.2534846856271121,0.3490149125084919,0.7392398013673332,0.7385173149914185,2.0079562750335054
