,RMSE,MSE,MAE,EVS,R2,Max Error
0,0.523288858279867,0.27383122919984676,0.34255360069706986,0.7491363722488523,0.7481692572798855,2.5259878562050453
