,precision,recall,f1-score,support,ROC_AUC
No recidivism,0.6946959896507116,0.678030303030303,0.6862619808306709,792.0,
Recidivism,0.6194029850746269,0.6374807987711214,0.6283118849356548,651.0,
accuracy,0.6597366597366597,0.6597366597366597,0.6597366597366597,0.6597366597366597,0.7065344303247529
macro avg,0.6570494873626692,0.6577555509007122,0.6572869328831629,1443.0,
weighted avg,0.660728043719297,0.6597366597366597,0.6601181745744994,1443.0,
