,RMSE,MSE,MAE,EVS,R2,Max Error
0,36588805441.309784,1.3387406836220205e+21,8195457959.827225,-1.47951272863332e+21,-1.5366326883287297e+21,209721421710.59726
