,RMSE,MSE,MAE,EVS,R2,Max Error
0,0.3128199023866454,0.09785629132919037,0.20927640419857224,0.6908680246073392,0.6900070871821303,1.3070410932654553
