,RMSE,MSE,MAE,EVS,R2,Max Error
0,297340037357.7018,8.841109781587949e+22,61018411573.27463,-3.229384576167616e+22,-3.297082631676346e+22,1863349838643.124
