,RMSE,MSE,MAE,EVS,R2,Max Error
0,81004271029.22227,6.561691924975699e+21,18113105649.22601,-5.383698411049277e+21,-5.667050959001132e+21,362262112978.34894
