,RMSE,MSE,MAE,EVS,R2,Max Error
0,9452981992.584427,8.935886855212545e+19,1494647689.4259622,-2.339143793905492e+20,-2.3991218399248296e+20,59785907554.24741
