,RMSE,MSE,MAE,EVS,R2,Max Error
0,0.8009209191830601,0.6414743187850378,0.5542558665245604,0.7843873714259041,0.7607773359474459,2.4047901409518504
