,RMSE,MSE,MAE,EVS,R2,Max Error
0,0.32121684292720987,0.1031802601801238,0.23552147717830563,0.7236741459773859,0.7229799127292404,0.8907333254706211
