,RMSE,MSE,MAE,EVS,R2,Max Error
0,0.44731102345989726,0.20008715170874075,0.31488604763118266,0.8287549927693292,0.8271933370326551,1.546641453231477
