,RMSE,MSE,MAE,EVS,R2,Max Error
0,0.3469705076125164,0.1203885331528873,0.25488623534121296,0.6848728921001354,0.6186285873394648,1.0239620840971115
