,RMSE,MSE,MAE,EVS,R2,Max Error
0,0.5037529905877763,0.2537670755261283,0.3466270346253973,0.712815474409016,0.7087211972821976,1.5916193895695534
