,precision,recall,f1-score,support,ROC_AUC
Neutral or dissatisfied,0.8768690252471607,0.9113451086956522,0.8937747241307517,11776.0,
Satisfied,0.8777803793022712,0.8326485285952249,0.8546190231948481,9005.0,
accuracy,0.8772436360136663,0.8772436360136663,0.8772436360136663,0.8772436360136663,0.9259157710541245
macro avg,0.8773247022747159,0.8719968186454385,0.8741968736627999,20781.0,
weighted avg,0.8772639409521926,0.8772436360136663,0.8768074421458707,20781.0,
