,precision,recall,f1-score,support,ROC_AUC
Neutral or dissatisfied,0.8768505499958646,0.9003057065217391,0.888423346042653,11776.0,
Satisfied,0.8649021864211738,0.8346474181010549,0.8495055100310822,9005.0,
accuracy,0.8718540974929022,0.8718540974929022,0.8718540974929022,0.8718540974929022,0.9245753415976632
macro avg,0.8708763682085192,0.867476562311397,0.8689644280368676,20781.0,
weighted avg,0.8716729832767419,0.8718540974929022,0.8715591377136893,20781.0,
