,precision,recall,f1-score,support,ROC_AUC
Neutral or dissatisfied,0.8759651716773451,0.905647558386412,0.8905591047642908,11775.0,
Satisfied,0.8709040204508482,0.8323153803442532,0.8511725626029187,9005.0,
accuracy,0.873869104908566,0.873869104908566,0.873869104908566,0.873869104908566,0.9253723585976652
macro avg,0.8734345960640967,0.8689814693653326,0.8708658336836048,20780.0,
weighted avg,0.8737719249596066,0.873869104908566,0.8734909713589416,20780.0,
