,precision,recall,f1-score,support,ROC_AUC
Neutral or dissatisfied,0.8801024624029086,0.9044667119565216,0.89211826786163,11776.0,
Satisfied,0.870376771517456,0.8388672959466963,0.8543315991857046,9005.0,
accuracy,0.8760406140224243,0.8760406140224243,0.8760406140224243,0.8760406140224243,0.9292037805838543
macro avg,0.8752396169601823,0.871667003951609,0.8732249335236673,20781.0,
weighted avg,0.8758880431534258,0.8760406140224243,0.8757442266015025,20781.0,
