,precision,recall,f1-score,support,ROC_AUC
Neutral or dissatisfied,0.8830229464582641,0.9019191576086956,0.8923710300789783,11776.0,
Satisfied,0.8680452416314407,0.8437534702942809,0.8557269962833653,9005.0,
accuracy,0.8767143063375199,0.8767143063375199,0.8767143063375199,0.8767143063375199,0.9287169869396228
macro avg,0.8755340940448524,0.8728363139514883,0.8740490131811718,20781.0,
weighted avg,0.8765326797740072,0.8767143063375199,0.87649212510186,20781.0,
