,precision,recall,f1-score,support,ROC_AUC
No Churn,0.8446428571428571,0.9140096618357488,0.8779582366589327,1035.0,
Churn,0.6920415224913494,0.5347593582887701,0.603318250377074,374.0,
accuracy,0.8133427963094393,0.8133427963094393,0.8133427963094393,0.8133427963094393,0.8615451187062441
macro avg,0.7683421898171032,0.7243845100622595,0.7406382435180033,1409.0,
weighted avg,0.8041368960643164,0.8133427963094393,0.8050587654954017,1409.0,
