,precision,recall,f1-score,support,ROC_AUC
No Churn,0.8121827411167513,0.927536231884058,0.8660351826792965,1035.0,
Churn,0.6696035242290749,0.4064171122994652,0.5058236272878537,374.0,
accuracy,0.7892122072391767,0.7892122072391767,0.7892122072391767,0.7892122072391767,0.8416130615619106
macro avg,0.7408931326729131,0.6669766720917616,0.6859294049835751,1409.0,
weighted avg,0.7743370156973112,0.7892122072391767,0.770421895442675,1409.0,
