,precision,recall,f1-score,support,ROC_AUC
No Churn,0.8275862068965517,0.9043478260869564,0.8642659279778394,1035.0,
Churn,0.6425992779783394,0.4772117962466488,0.5476923076923077,373.0,
accuracy,0.7911931818181818,0.7911931818181818,0.7911931818181818,0.7911931818181818,0.8315499086917667
macro avg,0.7350927424374456,0.6907798111668026,0.7059791178350736,1408.0,
weighted avg,0.7785804366646674,0.7911931818181818,0.7804008993084479,1408.0,
