,precision,recall,f1-score,support,ROC_AUC
No Churn,0.8415398388540735,0.9082125603864736,0.8736059479553904,1035.0,
Churn,0.6746575342465754,0.5267379679144385,0.5915915915915916,374.0,
accuracy,0.8069552874378992,0.8069552874378992,0.8069552874378992,0.8069552874378992,0.8569919140251622
macro avg,0.7580986865503244,0.717475264150456,0.732598769773491,1409.0,
weighted avg,0.7972431873826722,0.8069552874378992,0.7987490499567667,1409.0,
