,precision,recall,f1-score,support,ROC_AUC
No Churn,0.8410714285714286,0.9110251450676984,0.8746518105849582,1034.0,
Churn,0.6805555555555556,0.5240641711229946,0.5921450151057401,374.0,
accuracy,0.8082386363636364,0.8082386363636364,0.8082386363636364,0.8082386363636364,0.8394700503728835
macro avg,0.7608134920634921,0.7175446580953464,0.7333984128453492,1408.0,
weighted avg,0.7984343998015874,0.8082386363636364,0.7996109430357908,1408.0,
