,RMSE,MSE,MAE,EVS,R2,Max Error
0,0.4208423293709425,0.17710826619036085,0.249684873295281,0.8177990742388457,0.8173035784544578,1.7966967115967551
