,RMSE,MSE,MAE,EVS,R2,Max Error
0,0.4360730627114444,0.19015971602253934,0.2677682127711869,0.7397060003065004,0.7396731953168072,1.6482044454520821
