,RMSE,MSE,MAE,EVS,R2,Max Error
0,0.38426697835870277,0.14766111065692775,0.2269686263596394,0.8726323055643688,0.8718200429782494,2.0707102474977668
