,RMSE,MSE,MAE,EVS,R2,Max Error
0,0.4578080311729526,0.20958819340645515,0.27134005887247736,0.807890343402587,0.8072507998260698,2.8654420847151423
