,RMSE,MSE,MAE,EVS,R2,Max Error
0,0.40050752574952986,0.1604062781820103,0.2552682447985033,0.8511346133065852,0.8508714442407382,1.7875735884607822
