,precision,recall,f1-score,support,ROC_AUC
Bad,0.7461832061068703,0.7607003891050583,0.7533718689788055,1028.0,
Good,0.7346278317152104,0.7191129883843717,0.7267876200640341,947.0,
accuracy,0.7407594936708861,0.7407594936708861,0.7407594936708861,0.7407594936708861,0.8111751630173516
macro avg,0.7404055189110403,0.739906688744715,0.7400797445214198,1975.0,
weighted avg,0.7406424772213503,0.7407594936708861,0.7406248898789125,1975.0,
