,precision,recall,f1-score,support,ROC_AUC
Bad,0.7181903864278982,0.7419668938656281,0.7298850574712643,1027.0,
Good,0.7097480832420592,0.6842661034846885,0.6967741935483871,947.0,
accuracy,0.7142857142857143,0.7142857142857143,0.7142857142857143,0.7142857142857143,0.7895398681224675
macro avg,0.7139692348349786,0.7131164986751584,0.7133296255098257,1974.0,
weighted avg,0.7141403048083493,0.7142857142857143,0.7140005650016773,1974.0,
