,precision,recall,f1-score,support,ROC_AUC
Bad,0.7136194029850746,0.744888023369036,0.7289185326345878,1027.0,
Good,0.7095343680709535,0.675818373812038,0.6922660897782585,947.0,
accuracy,0.7117527862208713,0.7117527862208713,0.7117527862208713,0.7117527862208713,0.7813543306438927
macro avg,0.711576885528014,0.710353198590537,0.7105923112064232,1974.0,
weighted avg,0.7116596623246528,0.7117527862208713,0.71133501521567,1974.0,
