,precision,recall,f1-score,support,ROC_AUC
Bad,0.7468719923002888,0.7555988315481986,0.7512100677637948,1027.0,
Good,0.7315508021390374,0.7222808870116156,0.7268862911795961,947.0,
accuracy,0.7396149949341438,0.7396149949341438,0.7396149949341438,0.7396149949341438,0.7969604213171507
macro avg,0.7392113972196631,0.7389398592799071,0.7390481794716954,1974.0,
weighted avg,0.7395218570000329,0.7396149949341438,0.7395410624825202,1974.0,
