,precision,recall,f1-score,support,ROC_AUC
Bad,0.7420289855072464,0.747809152872444,0.7449078564500485,1027.0,
Good,0.724174653887114,0.7180570221752904,0.7211028632025451,947.0,
accuracy,0.7335359675785208,0.7335359675785208,0.7335359675785208,0.7335359675785208,0.8031039442959831
macro avg,0.7331018196971801,0.7329330875238672,0.7330053598262969,1974.0,
weighted avg,0.7334636095982974,0.7335359675785208,0.7334877305101368,1974.0,
