,precision,recall,f1-score,support,ROC_AUC
No subscription,0.9010172591153276,0.987226048841578,0.9421536990558146,7985.0,
"Yes, subscribed",0.6518771331058021,0.1807000946073793,0.2829629629629629,1057.0,
accuracy,0.8929440389294404,0.8929440389294404,0.8929440389294404,0.8929440389294404,0.7833629635509817
macro avg,0.7764471961105648,0.5839630717244787,0.6125583310093887,9042.0,
weighted avg,0.8718930484106086,0.8929440389294404,0.8650950164579221,9042.0,
