,precision,recall,f1-score,support,ROC_AUC
No subscription,0.902097902097902,0.9855961923847696,0.9420003591309032,7984.0,
"Yes, subscribed",0.6394984326018809,0.1928166351606805,0.2962962962962963,1058.0,
accuracy,0.8928334439283344,0.8928334439283344,0.8928334439283344,0.8928334439283344,0.7841410609498771
macro avg,0.7707981673498915,0.5892064137727251,0.6191483277135998,9042.0,
weighted avg,0.8713712665386463,0.8928334439283344,0.8664468423780816,9042.0,
