,precision,recall,f1-score,support,ROC_AUC
No subscription,0.9000914494741655,0.9862224448897796,0.941190533110208,7984.0,
"Yes, subscribed",0.6258503401360545,0.1739130434782608,0.272189349112426,1058.0,
accuracy,0.8911745189117452,0.8911745189117452,0.8911745189117452,0.8911745189117452,0.7702493834550007
macro avg,0.7629708948051099,0.5800677441840202,0.606689941111317,9042.0,
weighted avg,0.8680026313277686,0.8911745189117452,0.8629110315984126,9042.0,
