,precision,recall,f1-score,support,ROC_AUC
No subscription,0.9029593943565036,0.9859719438877756,0.9426415998084062,7984.0,
"Yes, subscribed",0.654320987654321,0.2003780718336484,0.3068017366136035,1058.0,
accuracy,0.8940499889404999,0.8940499889404999,0.8940499889404999,0.8940499889404999,0.7714946670278175
macro avg,0.7786401910054124,0.593175007860712,0.6247216682110048,9042.0,
weighted avg,0.8738663359301699,0.8940499889404999,0.8682422882335222,9042.0,
