,precision,recall,f1-score,support,ROC_AUC
No subscription,0.9014778325123152,0.9854727614276768,0.9416058394160584,7985.0,
"Yes, subscribed",0.6305732484076433,0.1871455576559546,0.2886297376093295,1058.0,
accuracy,0.8920712153046555,0.8920712153046555,0.8920712153046555,0.8920712153046555,0.7622421766710503
macro avg,0.7660255404599793,0.5863091595418157,0.6151177885126939,9043.0,
weighted avg,0.8697829248508376,0.8920712153046555,0.865209873949784,9043.0,
