,precision,recall,f1-score,support,ROC_AUC
No Churn,0.8451730418943534,0.8966183574879227,0.8701359587435537,1035.0,
Churn,0.6559485530546624,0.5454545454545454,0.5956204379562043,374.0,
accuracy,0.8034066713981547,0.8034066713981547,0.8034066713981547,0.8034066713981547,0.8378103283474128
macro avg,0.7505607974745079,0.7210364514712341,0.732878198349879,1409.0,
weighted avg,0.7949459596899215,0.8034066713981547,0.7972695252627384,1409.0,
