,precision,recall,f1-score,support,ROC_AUC
No Churn,0.8521897810218978,0.902415458937198,0.8765837634913186,1035.0,
Churn,0.6773162939297125,0.5668449197860963,0.6171761280931588,374.0,
accuracy,0.8133427963094393,0.8133427963094393,0.8133427963094393,0.8133427963094393,0.8561045234958279
macro avg,0.7647530374758051,0.7346301893616471,0.7468799457922387,1409.0,
weighted avg,0.8057719782025384,0.8133427963094393,0.8077275139250221,1409.0,
