,precision,recall,f1-score,support,ROC_AUC
No Churn,0.8352941176470589,0.8926499032882012,0.8630201028517999,1034.0,
Churn,0.6336633663366337,0.5133689839572193,0.567208271787297,374.0,
accuracy,0.7919034090909091,0.7919034090909091,0.7919034090909091,0.7919034090909091,0.8213197798901519
macro avg,0.7344787419918463,0.7030094436227102,0.7151141873195485,1408.0,
weighted avg,0.7817359493302273,0.7919034090909091,0.7844450852252912,1408.0,
