,precision,recall,f1-score,support,ROC_AUC
No Churn,0.8471223021582733,0.910144927536232,0.8775034932463903,1035.0,
Churn,0.6868686868686869,0.5454545454545454,0.6080476900149031,374.0,
accuracy,0.8133427963094393,0.8133427963094393,0.8133427963094393,0.8133427963094393,0.863553695523005
macro avg,0.76699549451348,0.7277997364953886,0.7427755916306467,1409.0,
weighted avg,0.8045851466449268,0.8133427963094393,0.8059800933822483,1409.0,
