,precision,recall,f1-score,support,ROC_AUC
No Churn,0.8278322925958965,0.8966183574879227,0.8608534322820037,1035.0,
Churn,0.627177700348432,0.4825737265415549,0.5454545454545454,373.0,
accuracy,0.7869318181818182,0.7869318181818182,0.7869318181818182,0.7869318181818182,0.8246376811594204
macro avg,0.7275049964721643,0.6895960420147389,0.7031539888682745,1408.0,
weighted avg,0.7746759268939759,0.7869318181818182,0.7772996078596729,1408.0,
