,RMSE,MSE,MAE,EVS,R2,Max Error
0,0.1891604678996462,0.035781682616013076,0.10372486509906109,0.9637585517607895,0.9637545652868148,4.488058661740725
