,RMSE,MSE,MAE,EVS,R2,Max Error
0,0.20350594449842405,0.041414669446195644,0.11200973425508912,0.9597668057523346,0.9597666127226837,2.7195422977861288
