,RMSE,MSE,MAE,EVS,R2,Max Error
0,0.19941667159690168,0.039767008910786536,0.10913482517098588,0.960932595679217,0.9609303550910059,2.3449145866952197
