,RMSE,MSE,MAE,EVS,R2,Max Error
0,0.20280579889530173,0.04113019206556157,0.11159744088559691,0.9584201812019856,0.9584134134994455,2.0581204426905155
