,RMSE,MSE,MAE,EVS,R2,Max Error
0,0.9578527167376032,0.9174818269616071,0.11655218401418034,0.06046998846950724,0.060437772541752754,95.76292061288467
