,RMSE,MSE,MAE,EVS,R2,Max Error
0,0.5392233936610957,0.29076186827138906,0.3830271167735551,0.6948448022657582,0.6936396824462374,2.6621845995224196
