,RMSE,MSE,MAE,EVS,R2,Max Error
0,0.5558985307633927,0.3090231765048987,0.3882428977784304,0.6411378461874406,0.6410280771977246,2.337928238913245
