,RMSE,MSE,MAE,EVS,R2,Max Error
0,0.5990042915180146,0.35880614125699856,0.41144432692278066,0.6341765048828072,0.6341657064636734,2.8211210154117823
