,RMSE,MSE,MAE,EVS,R2,Max Error
0,0.6902049111720431,0.47638281940600785,0.4667120109278164,0.6327260292219468,0.6269221866008521,3.4979122320083054
