,RMSE,MSE,MAE,EVS,R2,Max Error
0,0.5527150036005238,0.30549387520512705,0.3937684449533476,0.6750557532906676,0.6705800052972553,2.3191615847575475
