,precision,recall,f1-score,support,ROC_AUC
Income <= 50K,0.877426722497145,0.9324433656957928,0.9040988429103746,4944.0,
Income > 50K,0.7344992050874404,0.5892857142857143,0.6539278131634819,1568.0,
accuracy,0.8498157248157249,0.8498157248157249,0.8498157248157249,0.8498157248157249,0.9085146497919556
macro avg,0.8059629637922927,0.7608645399907537,0.7790133280369282,6512.0,
weighted avg,0.8430117428751521,0.8498157248157249,0.8438611011039975,6512.0,
