,precision,recall,f1-score,support,ROC_AUC
Income <= 50K,0.8810246679316888,0.9391181229773464,0.9091443117289996,4944.0,
Income > 50K,0.7576489533011272,0.6001275510204082,0.6697508896797153,1568.0,
accuracy,0.8574938574938575,0.8574938574938575,0.8574938574938575,0.8574938574938575,0.9120253987517338
macro avg,0.8193368106164081,0.7696228369988772,0.7894476007043574,6512.0,
weighted avg,0.8513174934014799,0.8574938574938575,0.8515016695647984,6512.0,
