,precision,recall,f1-score,support,ROC_AUC
Income <= 50K,0.8821625737673711,0.9372977346278316,0.9088947729724428,4944.0,
Income > 50K,0.753968253968254,0.6054811982154238,0.6716154118062919,1569.0,
accuracy,0.857362198679564,0.857362198679564,0.857362198679564,0.857362198679564,0.9124757513597802
macro avg,0.8180654138678125,0.7713894664216278,0.7902550923893674,6513.0,
weighted avg,0.85128020193184,0.857362198679564,0.8517335081682527,6513.0,
