,precision,recall,f1-score,support,ROC_AUC
Income <= 50K,0.8857419980601358,0.9235436893203884,0.9042479453411228,4944.0,
Income > 50K,0.7214443625644805,0.6243622448979592,0.6694017094017094,1568.0,
accuracy,0.851504914004914,0.851504914004914,0.851504914004914,0.851504914004914,0.9042773966382668
macro avg,0.8035931803123082,0.7739529671091738,0.7868248273714161,6512.0,
weighted avg,0.8461813880390688,0.851504914004914,0.8477002030264729,6512.0,
