,precision,recall,f1-score,support,ROC_AUC
Income <= 50K,0.8841324200913242,0.9399271844660194,0.9111764705882353,4944.0,
Income > 50K,0.7635350318471338,0.6116071428571429,0.6791784702549576,1568.0,
accuracy,0.8608722358722358,0.8608722358722358,0.8608722358722358,0.8608722358722358,0.9120658389265901
macro avg,0.823833725969229,0.7757671636615812,0.7951774704215964,6512.0,
weighted avg,0.8550942283273668,0.8608722358722358,0.8553145442180603,6512.0,
