,RMSE,MSE,MAE,EVS,R2,Max Error
0,1.8331229054663205,3.360339586545285,0.6641113505625775,-1.9939700868899313,-2.0009059271952108,39.93703213626345
