,RMSE,MSE,MAE,EVS,R2,Max Error
0,0.774682475720117,0.6001329381878496,0.5026991466884553,0.32181148640216295,0.3180351491034631,9.133464444316576
