,RMSE,MSE,MAE,EVS,R2,Max Error
0,0.7365143846301038,0.5424534387670604,0.48089632648765107,0.4051788661991549,0.40424863109449805,8.074672039027716
