,RMSE,MSE,MAE,EVS,R2,Max Error
0,0.7309498276126725,0.5342876504869956,0.5176807199058853,0.48809541316715377,0.48807645135795685,5.303611927660486
