,RMSE,MSE,MAE,EVS,R2,Max Error
0,0.8847348419336896,0.7827557405314306,0.5393948456843654,0.2511434550435262,0.2509781557731334,14.761921157882163
