,RMSE,MSE,MAE,EVS,R2,Max Error
0,103892788614.40202,1.0793711526076823e+22,2989359681.7895885,-1.0933155186117993e+22,-1.093360451015492e+22,7517301075481.04
