,RMSE,MSE,MAE,EVS,R2,Max Error
0,111901055626.7765,1.252184625038693e+22,2925118845.660566,-1.2823200853462815e+22,-1.2823200862588381e+22,9120831457359.252
