,RMSE,MSE,MAE,EVS,R2,Max Error
0,65571034212.921394,4.2995605277521084e+21,1795689794.6923318,-4.1768891349642274e+21,-4.1769229634936384e+21,5490244243958.136
