,RMSE,MSE,MAE,EVS,R2,Max Error
0,176697034805.98654,3.1221842109228017e+22,4548542910.509556,-3.1564997473141952e+22,-3.156829016291484e+22,13696139382012.252
