,RMSE,MSE,MAE,EVS,R2,Max Error
0,147660986976.46634,2.1803767074864165e+22,4802358451.90472,-2.1419244351616776e+22,-2.1421410878661746e+22,12148990920342.236
