,RMSE,MSE,MAE,EVS,R2,Max Error
0,0.8585435236278316,0.737096981963293,0.6354260548688925,0.25517594236620167,0.23864636048905374,3.0364937364000144
