,RMSE,MSE,MAE,EVS,R2,Max Error
0,0.8780081567749763,0.7708983233633914,0.6341930782825713,0.24958841762894712,0.24530691355715184,2.915062582538392
