,precision,recall,f1-score,support,ROC_AUC
No College,0.8214285714285714,0.92,0.8679245283018867,100.0,
College,0.9090909090909092,0.8,0.8510638297872342,100.0,
accuracy,0.86,0.86,0.86,0.86,0.9514
macro avg,0.8652597402597402,0.8600000000000001,0.8594941790445605,200.0,
weighted avg,0.8652597402597402,0.86,0.8594941790445604,200.0,
