,RMSE,MSE,MAE,EVS,R2,Max Error
0,0.7042992971947613,0.49603750002903463,0.47455744347100215,0.4176847162001328,0.4142172671574508,3.5217124680692105
