,RMSE,MSE,MAE,EVS,R2,Max Error
0,0.7583225736559915,0.5750531257162468,0.5166502406983678,0.4750018258880605,0.4710684164630028,3.2694546341741817
