,RMSE,MSE,MAE,EVS,R2,Max Error
0,0.8419771325837307,0.7089254917939213,0.5218466619008201,0.33162082370616486,0.32956170970151943,3.2189367345353777
