,RMSE,MSE,MAE,EVS,R2,Max Error
0,0.7117844485610476,0.5066371012133546,0.49315177059799287,0.5040137484572995,0.5040130377337364,2.7444992663833765
