,precision,recall,f1-score,support,ROC_AUC
No subscription,0.90383291255451,0.9864729458917836,0.9433465085639,7984.0,
"Yes, subscribed",0.6707317073170732,0.2079395085066162,0.3174603174603174,1058.0,
accuracy,0.8953771289537713,0.8953771289537713,0.8953771289537713,0.8953771289537713,0.7713672264188113
macro avg,0.7872823099357916,0.5972062271991999,0.6304034130121087,9042.0,
weighted avg,0.8765578544765176,0.8953771289537713,0.870111871294757,9042.0,
