,precision,recall,f1-score,support,ROC_AUC
No subscription,0.9023831347387716,0.9863494051346274,0.942499850415844,7985.0,
"Yes, subscribed",0.6528662420382165,0.1939451277199621,0.2990517870167761,1057.0,
accuracy,0.893718203937182,0.893718203937182,0.893718203937182,0.893718203937182,0.785146463715967
macro avg,0.7776246883884941,0.5901472664272948,0.62077581871631,9042.0,
weighted avg,0.873214880416223,0.893718203937182,0.8672814691934578,9042.0,
