,precision,recall,f1-score,support,ROC_AUC
No subscription,0.8982935153583618,0.9889779559118236,0.9414570168117324,7984.0,
"Yes, subscribed",0.6507936507936508,0.1550094517958412,0.250381679389313,1058.0,
accuracy,0.8913957089139571,0.8913957089139571,0.8913957089139571,0.8913957089139571,0.7673805787378158
macro avg,0.7745435830760063,0.5719937038538324,0.5959193481005227,9042.0,
weighted avg,0.8693336771909802,0.8913957089139571,0.8605946293982266,9042.0,
