,precision,recall,f1-score,support,ROC_AUC
No subscription,0.9017836725360164,0.9878507014028056,0.9428571428571428,7984.0,
"Yes, subscribed",0.6722972972972973,0.1880907372400756,0.293943870014771,1058.0,
accuracy,0.8942711789427118,0.8942711789427118,0.8942711789427118,0.8942711789427118,0.7912243437726114
macro avg,0.7870404849166568,0.5879707193214406,0.6184005064359569,9042.0,
weighted avg,0.874931583949137,0.8942711789427118,0.8669281180100704,9042.0,
