,precision,recall,f1-score,support,ROC_AUC
No subscription,0.9005241567912489,0.9897307451471508,0.943022492691367,7985.0,
"Yes, subscribed",0.6928838951310862,0.1748582230623818,0.2792452830188679,1058.0,
accuracy,0.8943934534999447,0.8943934534999447,0.8943934534999447,0.8943934534999447,0.7632247017979127
macro avg,0.7967040259611675,0.5822944841047664,0.6111338878551175,9043.0,
weighted avg,0.8762309579815118,0.8943934534999447,0.8653628346317072,9043.0,
