,RMSE,MSE,MAE,EVS,R2,Max Error
0,0.7919678379947274,0.6272130564180428,0.5905185612402482,0.39982049356507543,0.3998175217182607,5.144886794859896
