,RMSE,MSE,MAE,EVS,R2,Max Error
0,0.8110261474916979,0.6577634119152254,0.6056022977006557,0.3190357454689292,0.31890437580624753,3.759840570255695
