,RMSE,MSE,MAE,EVS,R2,Max Error
0,0.832999042880637,0.6938874054400573,0.6150028800174391,0.3356330375359362,0.33538149916674853,3.77437228298248
