,RMSE,MSE,MAE,EVS,R2,Max Error
0,0.8297282540065076,0.6884489754966877,0.5889890888735942,0.3585352881395375,0.3552416177176102,3.3033064422253475
