,RMSE,MSE,MAE,EVS,R2,Max Error
0,0.8389881407236307,0.7039011002748948,0.6380524059832766,0.260801983689567,0.2607937789379162,3.227301224585821
