,RMSE,MSE,MAE,EVS,R2,Max Error
0,1.1055531562958156,1.22224778139564,0.7597540780098165,0.2051167201150368,0.1938842563005374,4.059269776837307
