,RMSE,MSE,MAE,EVS,R2,Max Error
0,0.8259855284380319,0.6822520931890547,0.5941458616475851,0.3650300307584672,0.36104523128095567,3.215746451061597
