,RMSE,MSE,MAE,EVS,R2,Max Error
0,1.0550740337039926,1.1131812165964137,0.6874391896602675,0.2689175654636433,0.2658175224795777,4.3624179153168265
