,RMSE,MSE,MAE,EVS,R2,Max Error
0,0.8114197679341324,0.6584020397942814,0.6168205113158988,0.31275823619059206,0.30857490692111544,3.027132458912711
