,RMSE,MSE,MAE,EVS,R2,Max Error
0,0.418026343508787,0.17474602386732635,0.28112514119232346,0.8302513116050001,0.8302383057153404,4.29155383717098
