,RMSE,MSE,MAE,EVS,R2,Max Error
0,0.40128414156087966,0.1610289622682521,0.27949574730879356,0.8369237333912375,0.8368840056668013,3.5142970909346274
