,RMSE,MSE,MAE,EVS,R2,Max Error
0,0.39065027006507735,0.15260763350191786,0.2507262396491554,0.8439048433110892,0.8437196641430655,4.421773642054833
