,RMSE,MSE,MAE,EVS,R2,Max Error
0,0.6510796227553856,0.4239046751672952,0.5366157654810972,0.2730518787270777,0.27278685207924314,1.5305487358807168
