,RMSE,MSE,MAE,EVS,R2,Max Error
0,0.5572119131573455,0.3104851161644692,0.3878387894708025,0.6936879502208435,0.693678495206408,4.913401716573056
