,RMSE,MSE,MAE,EVS,R2,Max Error
0,0.5242324580579644,0.2748196700814954,0.3694103770069351,0.7255799705629917,0.7255591012249103,3.53922799651817
