,RMSE,MSE,MAE,EVS,R2,Max Error
0,0.5453141195709085,0.29736748900339505,0.378210215595969,0.6966561306028302,0.6966486136809775,3.7303668381368524
