,precision,recall,f1-score,support,ROC_AUC
No recidivism,0.6769570011025359,0.7752525252525253,0.7227781047675104,792.0,
Recidivism,0.667910447761194,0.5499231950844854,0.6032013479359729,651.0,
accuracy,0.6735966735966736,0.6735966735966736,0.6735966735966736,0.6735966735966736,0.7198977098170646
macro avg,0.672433724431865,0.6625878601685053,0.6629897263517417,1443.0,
weighted avg,0.6728757078071695,0.6735966735966736,0.6688318340139894,1443.0,
