,precision,recall,f1-score,support,ROC_AUC
No recidivism,0.6950517836593786,0.7616645649432535,0.7268351383874849,793.0,
Recidivism,0.6707317073170732,0.5923076923076923,0.6290849673202615,650.0,
accuracy,0.6853776853776854,0.6853776853776854,0.6853776853776854,0.6853776853776854,0.7252303812202929
macro avg,0.682891745488226,0.6769861286254729,0.6779600528538732,1443.0,
weighted avg,0.6840967943159978,0.6853776853776854,0.6828035297986456,1443.0,
