,precision,recall,f1-score,support,ROC_AUC
No recidivism,0.6846153846153846,0.78562421185372,0.7316500293599529,793.0,
Recidivism,0.6810506566604128,0.5584615384615385,0.6136939983093829,650.0,
accuracy,0.6832986832986833,0.6832986832986833,0.6832986832986833,0.6832986832986833,0.7248996022892619
macro avg,0.6828330206378987,0.6720428751576293,0.6726720138346679,1443.0,
weighted avg,0.6830096513023342,0.6832986832986833,0.6785166820398764,1443.0,
