,precision,recall,f1-score,support,ROC_AUC
No recidivism,0.7071269487750557,0.8007566204287516,0.7510348905972797,793.0,
Recidivism,0.710091743119266,0.5953846153846154,0.6476987447698745,650.0,
accuracy,0.7082467082467082,0.7082467082467082,0.7082467082467082,0.7082467082467082,0.7484295275972451
macro avg,0.7086093459471609,0.6980706179066836,0.6993668176835771,1443.0,
weighted avg,0.7084624417228982,0.7082467082467082,0.7044870771615116,1443.0,
