,precision,recall,f1-score,support,ROC_AUC
No recidivism,0.674468085106383,0.8005050505050505,0.7321016166281756,792.0,
Recidivism,0.6852589641434262,0.5292307692307693,0.5972222222222223,650.0,
accuracy,0.6782246879334258,0.6782246879334258,0.6782246879334258,0.6782246879334258,0.7430885780885781
macro avg,0.6798635246249046,0.6648679098679099,0.664661919425199,1442.0,
weighted avg,0.6793322122728727,0.6782246879334258,0.6713029991775031,1442.0,
