,RMSE,MSE,MAE,EVS,R2,Max Error
0,0.2000254941199944,0.04001019829794791,0.1483149774805262,0.8751624094415177,0.8732541592948998,0.5275308036737212
