,RMSE,MSE,MAE,EVS,R2,Max Error
0,0.2878343892010506,0.08284863560674187,0.2157908043100075,0.786724925408568,0.7775665982429445,0.823000217613084
