,RMSE,MSE,MAE,EVS,R2,Max Error
0,0.3229165254516684,0.10427508240977801,0.22081725997249305,0.8809110877666396,0.8803110250033479,1.1272968202338576
