,RMSE,MSE,MAE,EVS,R2,Max Error
0,0.4768339399331107,0.2273706062721334,0.23772725594718813,0.8106600984587066,0.8036297913623955,2.6165696888320285
