,RMSE,MSE,MAE,EVS,R2,Max Error
0,0.14111746717983015,0.019914139543250442,0.06979207426202783,0.9804351681511313,0.9804350796820448,2.669531461373878
