,RMSE,MSE,MAE,EVS,R2,Max Error
0,0.132530945297521,0.017564451461454498,0.06817720118698635,0.9820137228385526,0.982012837034758,2.105134511819882
