,RMSE,MSE,MAE,EVS,R2,Max Error
0,0.135626339810717,0.018394504050452083,0.06916617692239073,0.9821319577313244,0.9821301675195675,1.3682894347749444
