,RMSE,MSE,MAE,EVS,R2,Max Error
0,0.1359863339528062,0.018492283021924138,0.07005341757959856,0.9813092237683028,0.9813025203904191,1.666580632800824
