,RMSE,MSE,MAE,EVS,R2,Max Error
0,0.13527225544840987,0.018298583094099853,0.06904433147109797,0.9814642570082459,0.9814642562788767,2.0124609729770424
