,RMSE,MSE,MAE,EVS,R2,Max Error
0,0.7150508380972104,0.5112977010635229,0.5155161669055031,0.5104369642896904,0.5102693767084344,3.4296235609489187
