,RMSE,MSE,MAE,EVS,R2,Max Error
0,0.6908830672213754,0.47731941257321553,0.5086203961220829,0.5108763963737439,0.510876021582986,3.4196778433137163
