,RMSE,MSE,MAE,EVS,R2,Max Error
0,0.7040725368938736,0.4957181372081751,0.5204529190213819,0.48041684579620825,0.48022793189756796,3.112920057753897
