,RMSE,MSE,MAE,EVS,R2,Max Error
0,0.6986426352619879,0.488101531805815,0.510167173745461,0.4948720349449195,0.4945845094861331,3.290653170385757
