,RMSE,MSE,MAE,EVS,R2,Max Error
0,0.711914247910749,0.5068218963783274,0.5164801568792403,0.5225902500299844,0.5223219086962811,3.3155177053828937
