,precision,recall,f1-score,support,ROC_AUC
No Churn,0.8436363636363636,0.8966183574879227,0.869320843091335,1035.0,
Churn,0.6537216828478964,0.5401069518716578,0.5915080527086385,374.0,
accuracy,0.8019872249822569,0.8019872249822569,0.8019872249822569,0.8019872249822569,0.8348652768090108
macro avg,0.7486790232421301,0.7183626546797903,0.7304144478999868,1409.0,
weighted avg,0.793226079310681,0.8019872249822569,0.7955791939762685,1409.0,
