,precision,recall,f1-score,support,ROC_AUC
No Churn,0.8437217705510388,0.902415458937198,0.8720821661998132,1035.0,
Churn,0.6655629139072847,0.5374331550802139,0.5946745562130178,374.0,
accuracy,0.8055358410220014,0.8055358410220014,0.8055358410220014,0.8055358410220014,0.8585367743935519
macro avg,0.7546423422291617,0.719924307008706,0.7333783612064155,1409.0,
weighted avg,0.796431910803158,0.8055358410220014,0.7984480667427077,1409.0,
