,precision,recall,f1-score,support,ROC_AUC
No Churn,0.8322869955156951,0.8966183574879227,0.8632558139534884,1035.0,
Churn,0.6348122866894198,0.4986595174262734,0.5585585585585586,373.0,
accuracy,0.7911931818181818,0.7911931818181818,0.7911931818181818,0.7911931818181818,0.8127326417220343
macro avg,0.7335496411025575,0.6976389374570982,0.7109071862560234,1408.0,
weighted avg,0.779973027907598,0.7911931818181818,0.7825370097899167,1408.0,
