,precision,recall,f1-score,support,ROC_AUC
No Churn,0.8274616079494128,0.8858800773694391,0.8556749182624942,1034.0,
Churn,0.6079734219269103,0.4893048128342246,0.5422222222222222,374.0,
accuracy,0.7805397727272727,0.7805397727272727,0.7805397727272727,0.7805397727272727,0.8255567393125706
macro avg,0.7177175149381616,0.6875924451018318,0.6989485702423581,1408.0,
weighted avg,0.7691600585371855,0.7805397727272727,0.772414045876797,1408.0,
