,precision,recall,f1-score,support,ROC_AUC
No Churn,0.8398544131028207,0.8917874396135266,0.8650421743205248,1035.0,
Churn,0.6387096774193548,0.5294117647058824,0.5789473684210527,374.0,
accuracy,0.7955997161107168,0.7955997161107168,0.7955997161107168,0.7955997161107168,0.8450192461701413
macro avg,0.7392820452610878,0.7105996021597045,0.7219947713707887,1409.0,
weighted avg,0.7864632625381534,0.7955997161107168,0.7891021761612611,1409.0,
