,precision,recall,f1-score,support,ROC_AUC
Neutral or dissatisfied,0.9264705882352942,0.9469259510869564,0.9365865949941208,11776.0,
Satisfied,0.9285305889079474,0.9017212659633536,0.9149295774647888,9005.0,
accuracy,0.9273374717289832,0.9273374717289832,0.9273374717289832,0.9273374717289832,0.9742933236064504
macro avg,0.9275005885716208,0.9243236085251552,0.9257580862294548,20781.0,
weighted avg,0.9273632452805394,0.9273374717289832,0.9272019916135504,20781.0,
