,precision,recall,f1-score,support,ROC_AUC
Neutral or dissatisfied,0.9224472922695328,0.947515923566879,0.9348135735232508,11775.0,
Satisfied,0.9288428324697756,0.895835646862854,0.9120407009609948,9005.0,
accuracy,0.9251203079884504,0.9251203079884504,0.9251203079884504,0.9251203079884504,0.9712569308628964
macro avg,0.9256450623696542,0.9216757852148664,0.9234271372421228,20780.0,
weighted avg,0.9252187956142482,0.9251203079884504,0.9249449634451417,20780.0,
