,precision,recall,f1-score,support,ROC_AUC
Neutral or dissatisfied,0.9346323590640352,0.953125,0.9437881017447972,11776.0,
Satisfied,0.9370725034199726,0.9128262076624096,0.9247904595826067,9005.0,
accuracy,0.935662383908378,0.935662383908378,0.935662383908378,0.935662383908378,0.984055638624677
macro avg,0.935852431242004,0.9329756038312048,0.934289280663702,20781.0,
weighted avg,0.9356897432094188,0.935662383908378,0.9355558815595064,20781.0,
