,precision,recall,f1-score,support,ROC_AUC
Neutral or dissatisfied,0.9358984990463556,0.958389945652174,0.9470106985525488,11776.0,
Satisfied,0.9438202247191012,0.9141588006662964,0.9287527500423084,9005.0,
accuracy,0.9392233290024542,0.9392233290024542,0.9392233290024542,0.9392233290024542,0.9854866163574584
macro avg,0.9398593618827282,0.9362743731592352,0.9378817242974288,20781.0,
weighted avg,0.939331208717838,0.9392233290024542,0.9390990087236322,20781.0,
