,precision,recall,f1-score,support,ROC_AUC
Neutral or dissatisfied,0.9398276006360364,0.9536345108695652,0.9466807165437304,11776.0,
Satisfied,0.9381793478260868,0.9201554691837868,0.9290800022425296,9005.0,
accuracy,0.9391270872431547,0.9391270872431547,0.9391270872431547,0.9391270872431547,0.9859581520230306
macro avg,0.9390034742310618,0.936894990026676,0.93788035939313,20781.0,
weighted avg,0.9391133656832624,0.9391270872431547,0.9390538250427288,20781.0,
