,precision,recall,f1-score,support,ROC_AUC
Neutral or dissatisfied,0.9339873628200864,0.9540552016985138,0.9439146326093348,11775.0,
Satisfied,0.9381855575868372,0.9118267629094948,0.9248183814833586,9005.0,
accuracy,0.9357555341674688,0.9357555341674688,0.9357555341674688,0.9357555341674688,0.984060433517119
macro avg,0.936086460203462,0.9329409823040042,0.9343665070463468,20780.0,
weighted avg,0.9358066478958608,0.9357555341674688,0.9356392841305372,20780.0,
