,precision,recall,f1-score,support,ROC_AUC
Neutral or dissatisfied,0.9343223870645108,0.9519361413043478,0.9430470261630352,11776.0,
Satisfied,0.9355573266537628,0.912493059411438,0.9238812682707443,9005.0,
accuracy,0.9348443289543332,0.9348443289543332,0.9348443289543332,0.9348443289543332,0.9851527702755715
macro avg,0.9349398568591368,0.9322146003578928,0.93346414721689,20781.0,
weighted avg,0.9348575216105488,0.9348443289543332,0.934741956637022,20781.0,
