,RMSE,MSE,MAE,EVS,R2,Max Error
0,0.3851827317872801,0.14836573686711174,0.24089528154585663,0.8497195406002364,0.8497113540746701,2.777122557397335
