,RMSE,MSE,MAE,EVS,R2,Max Error
0,0.40242274881928825,0.16194406876727194,0.24671591756106867,0.8427111902347245,0.8426751070790809,3.2442079233871026
