,RMSE,MSE,MAE,EVS,R2,Max Error
0,0.38694720647646436,0.14972814059993952,0.2409442986747517,0.8467432357810314,0.8466684558089371,3.2706840163040325
