,RMSE,MSE,MAE,EVS,R2,Max Error
0,0.33572180906866694,0.11270913308433847,0.18626756303443348,0.9027285552658987,0.9021607532922111,2.023288158157412
