,RMSE,MSE,MAE,EVS,R2,Max Error
0,0.358888276339171,0.12880079489370114,0.1976698264489577,0.8807288260505657,0.8802548332843451,1.7397898841028634
