,RMSE,MSE,MAE,EVS,R2,Max Error
0,0.36973041203818197,0.1367005775859238,0.19684714841376777,0.8137146238665669,0.8128582367199562,1.8271304338634793
