,RMSE,MSE,MAE,EVS,R2,Max Error
0,0.3730747543790686,0.13918477235500237,0.19947324539182165,0.8564239286830145,0.8564236419345976,1.8531063026593118
