,precision,recall,f1-score,support,ROC_AUC
No Churn,0.8358608385370205,0.9061895551257252,0.8696055684454757,1034.0,
Churn,0.662020905923345,0.5080213903743316,0.5748865355521936,374.0,
accuracy,0.8004261363636364,0.8004261363636364,0.8004261363636364,0.8004261363636364,0.8369255474301553
macro avg,0.7489408722301827,0.7071054727500284,0.7222460519988346,1408.0,
weighted avg,0.789684606436513,0.8004261363636364,0.7913208253331977,1408.0,
