,RMSE,MSE,MAE,EVS,R2,Max Error
0,0.5578929741136437,0.31124457056536675,0.3874475780661125,0.6986565620595786,0.6986533306632543,7.43325404881115
