,RMSE,MSE,MAE,EVS,R2,Max Error
0,0.523696915695655,0.27425845950914196,0.3662517667723006,0.7177289814630854,0.7177097241271266,3.5134255154468064
