,precision,recall,f1-score,support,ROC_AUC
No recidivism,0.6952941176470588,0.7452711223203027,0.7194157029823495,793.0,
Recidivism,0.6593591905564924,0.6015384615384616,0.6291230893000804,650.0,
accuracy,0.6805266805266805,0.6805266805266805,0.6805266805266805,0.6805266805266805,0.7172383354350569
macro avg,0.6773266541017756,0.6734047919293822,0.674269396141215,1443.0,
weighted avg,0.6791072135522092,0.6805266805266805,0.6787433544768229,1443.0,
