,precision,recall,f1-score,support,ROC_AUC
No recidivism,0.6755555555555556,0.7667087011349306,0.7182516243354992,793.0,
Recidivism,0.6593001841620626,0.5507692307692308,0.6001676445934618,650.0,
accuracy,0.6694386694386695,0.6694386694386695,0.6694386694386695,0.6694386694386695,0.7005626151906102
macro avg,0.6674278698588091,0.6587389659520807,0.6592096344644804,1443.0,
weighted avg,0.6682333161891173,0.6694386694386695,0.6650606424697166,1443.0,
