,precision,recall,f1-score,support,ROC_AUC
No recidivism,0.647982062780269,0.7297979797979798,0.6864608076009501,792.0,
Recidivism,0.6116152450090744,0.5176651305683564,0.5607321131447587,651.0,
accuracy,0.6340956340956341,0.6340956340956341,0.6340956340956341,0.6340956340956341,0.6755225061676675
macro avg,0.6297986538946717,0.6237315551831681,0.6235964603728543,1443.0,
weighted avg,0.6315754111038673,0.6340956340956341,0.6297391304762234,1443.0,
