,precision,recall,f1-score,support,ROC_AUC
No recidivism,0.675263774912075,0.7263556116015133,0.6998784933171324,793.0,
Recidivism,0.6322033898305085,0.5738461538461539,0.6016129032258064,650.0,
accuracy,0.6576576576576577,0.6576576576576577,0.6576576576576577,0.6576576576576577,0.6929255989911728
macro avg,0.6537335823712918,0.6501008827238336,0.6507456982714694,1443.0,
weighted avg,0.6558672050555135,0.6576576576576577,0.6556147139967152,1443.0,
