,precision,recall,f1-score,support,ROC_AUC
No recidivism,0.6737193763919822,0.7638888888888888,0.7159763313609467,792.0,
Recidivism,0.65625,0.5492307692307692,0.5979899497487436,650.0,
accuracy,0.6671289875173371,0.6671289875173371,0.6671289875173371,0.6671289875173371,0.7255293317793317
macro avg,0.6649846881959911,0.656559829059829,0.6569831405548452,1442.0,
weighted avg,0.6658448308616157,0.6671289875173371,0.6627924561543365,1442.0,
