,precision,recall,f1-score,support,ROC_AUC
Neutral or dissatisfied,0.9212071103761884,0.9462420382165604,0.9335567658148304,11775.0,
Satisfied,0.9271157167530224,0.8941699056079956,0.9103448275862068,9005.0,
accuracy,0.9236766121270452,0.9236766121270452,0.9236766121270452,0.9236766121270452,0.9712765943902361
macro avg,0.9241614135646056,0.920205971912278,0.9219507967005188,20780.0,
weighted avg,0.9237676012531562,0.9236766121270452,0.9234978869048804,20780.0,
