,precision,recall,f1-score,support,ROC_AUC
Neutral or dissatisfied,0.9255733090487624,0.9493885869565216,0.9373297002724796,11776.0,
Satisfied,0.9315099977016776,0.9001665741254858,0.9155701135144292,9005.0,
accuracy,0.9280592849237284,0.9280592849237284,0.9280592849237284,0.9280592849237284,0.974785539585496
macro avg,0.92854165337522,0.9247775805410038,0.9264499068934544,20781.0,
weighted avg,0.9281458455638242,0.9280592849237284,0.9279006507197032,20781.0,
