,precision,recall,f1-score,support,ROC_AUC
Neutral or dissatisfied,0.921935537053829,0.9497282608695652,0.9356255490023844,11776.0,
Satisfied,0.9315606936416184,0.894836202109939,0.9128292268479185,9005.0,
accuracy,0.9259419662191424,0.9259419662191424,0.9259419662191424,0.9259419662191424,0.9715904264388142
macro avg,0.9267481153477236,0.922282231489752,0.9242273879251514,20781.0,
weighted avg,0.926106391924771,0.9259419662191424,0.9257472524333564,20781.0,
