,precision,recall,f1-score,support,ROC_AUC
Neutral or dissatisfied,0.9239553165080678,0.9481997282608696,0.9359205397929676,11776.0,
Satisfied,0.9298528058877644,0.8979455857856746,0.9136206993955144,9005.0,
accuracy,0.9264231750156392,0.9264231750156392,0.9264231750156392,0.9264231750156392,0.9745590840233687
macro avg,0.9269040611979162,0.923072657023272,0.924770619594241,20781.0,
weighted avg,0.926510866860032,0.9264231750156392,0.9262573829295314,20781.0,
