,precision,recall,f1-score,support,ROC_AUC
Neutral or dissatisfied,0.9209198444867236,0.9453974184782608,0.9329981143934633,11776.0,
Satisfied,0.9260239300506212,0.8938367573570238,0.909645702661468,9005.0,
accuracy,0.9230547134401615,0.9230547134401615,0.9230547134401615,0.9230547134401615,0.9713565493506023
macro avg,0.9234718872686724,0.9196170879176424,0.9213219085274656,20781.0,
weighted avg,0.9231315903364372,0.9230547134401615,0.9228788483501248,20781.0,
