,RMSE,MSE,MAE,EVS,R2,Max Error
0,50757218165.18973,2.576295195868666e+21,1215885782.5926218,-2.4672568090454125e+21,-2.467624339854165e+21,2950206006608.756
