,RMSE,MSE,MAE,EVS,R2,Max Error
0,125410611837.23143,1.5727821561388734e+22,2797284053.888948,-1.6112323588168612e+22,-1.6116785639342402e+22,7278396762006.58
