,RMSE,MSE,MAE,EVS,R2,Max Error
0,30586642495.02684,9.355426991185818e+20,805092017.5904776,-9.686486544167988e+20,-9.687283103217088e+20,1654582057795.857
