,RMSE,MSE,MAE,EVS,R2,Max Error
0,37150041333.42189,1.3801255710749546e+21,727398954.7653632,-1.4465510081111602e+21,-1.4470939602063225e+21,2179161027431.5261
