,RMSE,MSE,MAE,EVS,R2,Max Error
0,6274519400971.012,3.936959371316162e+25,129828912772.94215,-3.708990577015337e+25,-3.7105721979832982e+25,365350573589076.0
