,precision,recall,f1-score,support,ROC_AUC
Bad,0.7609170305676856,0.6786757546251218,0.7174472465259907,1027.0,
Good,0.6880907372400756,0.7687434002111933,0.7261845386533667,947.0,
accuracy,0.7218844984802432,0.7218844984802432,0.7218844984802432,0.7218844984802432,0.7628091168852801
macro avg,0.7245038839038807,0.7237095774181574,0.7218158925896787,1974.0,
weighted avg,0.7259795940017044,0.7218844984802432,0.7216388451301574,1974.0,
