,RMSE,MSE,MAE,EVS,R2,Max Error
0,0.3862146326788914,0.14916174249529102,0.25315103352624374,0.8510441224165459,0.8510438402712334,2.916345481336864
