,RMSE,MSE,MAE,EVS,R2,Max Error
0,0.39547703055476674,0.1564020816964159,0.2566428948833303,0.8390221436492317,0.8390175935933119,2.8258955157462906
