,RMSE,MSE,MAE,EVS,R2,Max Error
0,0.40485615787105056,0.163908508566109,0.2655071209462703,0.8382945444882627,0.8382895076817548,3.248783043910704
