,RMSE,MSE,MAE,EVS,R2,Max Error
0,0.3974505848230589,0.15796696737619154,0.2599249847625825,0.8388542858371953,0.8388542785669741,2.6638777255991775
