,RMSE,MSE,MAE,EVS,R2,Max Error
0,0.4012905951628023,0.1610341417661161,0.260353484563758,0.8440872223875642,0.844086911516007,3.0048351735472556
