,RMSE,MSE,MAE,EVS,R2,Max Error
0,0.6930173194329069,0.48027300503397174,0.5165071084443158,0.4591769056923405,0.45423874040870726,4.3689895820787985
