,RMSE,MSE,MAE,EVS,R2,Max Error
0,0.7384204451953759,0.545264753882537,0.5326487420509926,0.4013098218360944,0.4011610945267944,3.913047543008066
