,RMSE,MSE,MAE,EVS,R2,Max Error
0,0.854003428411797,0.7293218557391032,0.5660056192230674,0.3015796926514488,0.3012059474856804,9.897808651780835
