,RMSE,MSE,MAE,EVS,R2,Max Error
0,0.8102894984023711,0.656569071221166,0.5797863968172109,0.4150538744583163,0.4136598499360924,3.7599918821305884
