,precision,recall,f1-score,support,ROC_AUC
Income <= 50K,0.8856271444910407,0.9397249190938513,0.911874386653582,4944.0,
Income > 50K,0.764612954186414,0.6173469387755102,0.6831333803810868,1568.0,
accuracy,0.8621007371007371,0.8621007371007371,0.8621007371007371,0.8621007371007371,0.9117527661853575
macro avg,0.8251200493387274,0.7785359289346807,0.7975038835173345,6512.0,
weighted avg,0.8564885925257988,0.8621007371007371,0.856796699639566,6512.0,
