,RMSE,MSE,MAE,EVS,R2,Max Error
0,0.5535578311403565,0.3064262724168154,0.41106639284688185,0.6939985452428581,0.6939960608153215,3.337452240397378
