,RMSE,MSE,MAE,EVS,R2,Max Error
0,0.600741385348517,0.36089021207045535,0.43769214725382116,0.6439513357954398,0.6439493326045909,4.394253459154965
