,RMSE,MSE,MAE,EVS,R2,Max Error
0,0.7026767994248064,0.4937546844498896,0.43670810599761617,0.5219474866513933,0.5219472283223607,24.31069233585607
