,RMSE,MSE,MAE,EVS,R2,Max Error
0,0.8616712059072485,0.7424772670896519,0.43503541711976745,0.2428156771459944,0.24258193443791853,40.65881147452329
