,RMSE,MSE,MAE,EVS,R2,Max Error
0,0.569567622742276,0.3244072768762877,0.4184114926286513,0.6661910217404429,0.666092269866621,3.7457694967552904
