,RMSE,MSE,MAE,EVS,R2,Max Error
0,0.8174947340852066,0.6682976402570426,0.6032799118779587,0.3708711505721285,0.370131512663638,3.6925183706712312
