,RMSE,MSE,MAE,EVS,R2,Max Error
0,0.7661215259440308,0.5869421925148103,0.574172188642889,0.38509838127908047,0.3845773750015462,3.5567947675797376
