,RMSE,MSE,MAE,EVS,R2,Max Error
0,0.7838885689173721,0.6144812884793257,0.584314084456049,0.36390908758970164,0.36372180460206593,3.7796662884151844
