,RMSE,MSE,MAE,EVS,R2,Max Error
0,0.8124029804185454,0.6599986025929355,0.5971256498618224,0.36810142042988747,0.3678408364694681,3.7003064672452277
