,RMSE,MSE,MAE,EVS,R2,Max Error
0,0.7864647902188339,0.6185268662539544,0.5894136001954814,0.3662251472973719,0.3661763724442345,3.7687755398063496
