,precision,recall,f1-score,support,ROC_AUC
Neutral or dissatisfied,0.9290833333333334,0.9467561141304348,0.9378364737550472,11776.0,
Satisfied,0.9285958319098052,0.9054969461410328,0.9169009333183402,9005.0,
accuracy,0.928877339877773,0.928877339877773,0.928877339877773,0.928877339877773,0.9754455367489075
macro avg,0.9288395826215692,0.9261265301357338,0.9273687035366937,20781.0,
weighted avg,0.9288720850623712,0.928877339877773,0.9287645069761364,20781.0,
