,precision,recall,f1-score,support,ROC_AUC
Neutral or dissatisfied,0.9219419716452356,0.949813179347826,0.9356700685962858,11776.0,
Satisfied,0.9316684009712104,0.894836202109939,0.9128809334994904,9005.0,
accuracy,0.9259900870987922,0.9259900870987922,0.9259900870987922,0.9259900870987922,0.9728078019005143
macro avg,0.9268051863082232,0.9223246907288823,0.924275501047888,20781.0,
weighted avg,0.926156710882058,0.9259900870987922,0.9257948863843304,20781.0,
