,RMSE,MSE,MAE,EVS,R2,Max Error
0,0.7088435413469846,0.5024591661093343,0.43928313415241044,0.544466186838262,0.5378400524962477,3.7798706763584975
