,RMSE,MSE,MAE,EVS,R2,Max Error
0,0.27554893611219033,0.07592721619255995,0.18435903422723396,0.9230889149844534,0.9230887214837196,2.513656314837374
