,RMSE,MSE,MAE,EVS,R2,Max Error
0,0.27551707464159886,0.07590965841906434,0.182719841040921,0.9222635639990217,0.9222634763393571,5.205640127084781
