,RMSE,MSE,MAE,EVS,R2,Max Error
0,0.2879806044042021,0.08293282851300954,0.18802662576910728,0.9194553965158098,0.9194326876880656,3.7469907607262245
