,RMSE,MSE,MAE,EVS,R2,Max Error
0,0.2898330205361781,0.08400317979312465,0.18675150815039618,0.9174702281426493,0.9174699205286833,3.897982945958788
