,precision,recall,f1-score,support,ROC_AUC
No recidivism,0.686060606060606,0.7146464646464646,0.7000618429189858,792.0,
Recidivism,0.6337115072933549,0.6015384615384616,0.617205998421468,650.0,
accuracy,0.6636615811373093,0.6636615811373093,0.6636615811373093,0.6636615811373093,0.6980710955710956
macro avg,0.6598860566769804,0.6580924630924632,0.6586339206702269,1442.0,
weighted avg,0.6624635781835511,0.6636615811373093,0.6627135080206594,1442.0,
