,RMSE,MSE,MAE,EVS,R2,Max Error
0,0.5540570545578607,0.30697921970533226,0.3840387594478264,0.6774069770103457,0.6765523216973153,2.3570982234222093
