,RMSE,MSE,MAE,EVS,R2,Max Error
0,0.6949287016092768,0.4829259003203553,0.46673874894266465,0.6289648266869856,0.6217979918965548,3.398080730467145
