,RMSE,MSE,MAE,EVS,R2,Max Error
0,0.5864377026195686,0.34390917905371754,0.3861608092042319,0.6005047396003141,0.600503299880137,2.6412997502054587
