,RMSE,MSE,MAE,EVS,R2,Max Error
0,0.5248613788939291,0.27547946705443666,0.3736718737929119,0.7098543042481866,0.7029451260950699,2.1701521750373267
