,RMSE,MSE,MAE,EVS,R2,Max Error
0,0.6230708925763773,0.3882173371759235,0.4139074814855841,0.604362229011836,0.6041784157128394,3.0314793860659877
