,precision,recall,f1-score,support,ROC_AUC
No recidivism,0.692992213570634,0.78562421185372,0.7364066193853427,793.0,
Recidivism,0.6875,0.5753846153846154,0.6264656616415409,650.0,
accuracy,0.6909216909216909,0.6909216909216909,0.6909216909216909,0.6909216909216909,0.740430691628674
macro avg,0.690246106785317,0.6805044136191677,0.6814361405134418,1443.0,
weighted avg,0.6905182434937719,0.6909216909216909,0.6868836654466933,1443.0,
