,precision,recall,f1-score,support,ROC_AUC
No recidivism,0.7087719298245614,0.7641866330390921,0.7354368932038834,793.0,
Recidivism,0.6819727891156463,0.6169230769230769,0.6478190630048465,650.0,
accuracy,0.6978516978516979,0.6978516978516979,0.6978516978516979,0.6978516978516979,0.7476981278494519
macro avg,0.6953723594701038,0.6905548549810845,0.6916279781043649,1443.0,
weighted avg,0.6967002448205456,0.6978516978516979,0.6959694021232362,1443.0,
