,precision,recall,f1-score,support,ROC_AUC
No recidivism,0.695752009184845,0.7651515151515151,0.7288033674082983,792.0,
Recidivism,0.6748251748251748,0.5929339477726574,0.6312346688470972,651.0,
accuracy,0.6874566874566874,0.6874566874566874,0.6874566874566874,0.6874566874566874,0.7344935530419402
macro avg,0.6852885920050099,0.6790427314620863,0.6800190181276977,1443.0,
weighted avg,0.686311004910316,0.6874566874566874,0.684785888015823,1443.0,
