,precision,recall,f1-score,support,ROC_AUC
No recidivism,0.6691648822269807,0.7881462799495587,0.7237984944991315,793.0,
Recidivism,0.6699410609037328,0.5246153846153846,0.5884383088869715,650.0,
accuracy,0.6694386694386695,0.6694386694386695,0.6694386694386695,0.6694386694386695,0.7174963624017849
macro avg,0.6695529715653568,0.6563808322824716,0.6561184016930515,1443.0,
weighted avg,0.6695145122615538,0.6694386694386695,0.6628254379170774,1443.0,
