,precision,recall,f1-score,support,ROC_AUC
No recidivism,0.6768743400211193,0.8093434343434344,0.7372052903967797,792.0,
Recidivism,0.694949494949495,0.5292307692307693,0.6008733624454148,650.0,
accuracy,0.6830790568654647,0.6830790568654647,0.6830790568654647,0.6830790568654647,0.7440860528360529
macro avg,0.6859119174853072,0.6692871017871018,0.6690393264210972,1442.0,
weighted avg,0.6850219479985424,0.6830790568654647,0.6757519248153739,1442.0,
