,RMSE,MSE,MAE,EVS,R2,Max Error
0,0.7081479095669837,0.5014734618240889,0.5596816293767225,0.14029601060653474,0.13971674261933065,2.057080303505405
