,RMSE,MSE,MAE,EVS,R2,Max Error
0,1.0747685311121418,1.1551273954689507,0.7339794453766518,0.2385932342374475,0.2381525304117864,4.400500038119561
