,RMSE,MSE,MAE,EVS,R2,Max Error
0,0.8940402937642637,0.799308046874091,0.6611876357967386,0.18088971850981594,0.1606015666638888,3.7581872967939574
