,RMSE,MSE,MAE,EVS,R2,Max Error
0,0.9124606134618874,0.832584371119244,0.6953371335256255,0.10246320899389949,0.10131745867797015,4.055151549508124
