,RMSE,MSE,MAE,EVS,R2,Max Error
0,0.8813053831342198,0.776699178341354,0.6735546014608054,0.2778241843933751,0.2725919805659699,3.2786828144332265
