,precision,recall,f1-score,support,ROC_AUC
No subscription,0.8990982764524598,0.9865981963927856,0.9408181546730366,7984.0,
"Yes, subscribed",0.6192170818505338,0.164461247637051,0.2598954443614638,1058.0,
accuracy,0.8904003539040035,0.8904003539040035,0.8904003539040035,0.8904003539040035,0.7498743943463486
macro avg,0.7591576791514968,0.5755297220149183,0.6003567995172502,9042.0,
weighted avg,0.8663495146863861,0.8904003539040035,0.8611437211948632,9042.0,
