,precision,recall,f1-score,support,ROC_AUC
No subscription,0.9028781103084508,0.98609893550407,0.9426553334131448,7985.0,
"Yes, subscribed",0.6542056074766355,0.1986754966887417,0.3047895500725688,1057.0,
accuracy,0.8940499889404999,0.8940499889404999,0.8940499889404999,0.8940499889404999,0.7755673036422952
macro avg,0.7785418588925432,0.5923872160964059,0.6237224417428568,9042.0,
weighted avg,0.8738085642463818,0.8940499889404999,0.8680895146793483,9042.0,
