,precision,recall,f1-score,support,ROC_AUC
No subscription,0.9044827586206896,0.9855961923847696,0.9432989690721648,7984.0,
"Yes, subscribed",0.6637426900584795,0.2145557655954631,0.3242857142857143,1058.0,
accuracy,0.8953771289537713,0.8953771289537713,0.8953771289537713,0.8953771289537713,0.7659964304791057
macro avg,0.7841127243395846,0.6000759789901163,0.6337923416789396,9042.0,
weighted avg,0.8763138808791703,0.8953771289537713,0.8708685307217928,9042.0,
