,precision,recall,f1-score,support,ROC_AUC
No subscription,0.9023047815617476,0.9854727614276768,0.942056746079253,7985.0,
"Yes, subscribed",0.639751552795031,0.1947069943289225,0.2985507246376812,1058.0,
accuracy,0.8929558774742895,0.8929558774742895,0.8929558774742895,0.8929558774742895,0.751609882897162
macro avg,0.7710281671783893,0.5900898778782997,0.6203037353584671,9043.0,
weighted avg,0.8715869538458142,0.8929558774742895,0.8667687475516425,9043.0,
