,precision,recall,f1-score,support,ROC_AUC
No subscription,0.9018102658111824,0.9858466933867736,0.9419578745811392,7984.0,
"Yes, subscribed",0.6401273885350318,0.1899810964083176,0.293002915451895,1058.0,
accuracy,0.8927228489272285,0.8927228489272285,0.8927228489272285,0.8927228489272285,0.7503312390376216
macro avg,0.7709688271731071,0.5879138948975455,0.6174803950165172,9042.0,
weighted avg,0.8711908802595161,0.8927228489272285,0.8660239720420174,9042.0,
