,RMSE,MSE,MAE,EVS,R2,Max Error
0,0.6866056070663844,0.4714272596549982,0.4664311903021133,0.637452955739433,0.6308031187435788,3.4733349864597836
