,RMSE,MSE,MAE,EVS,R2,Max Error
0,0.5831301257771736,0.34004074358890235,0.41030465505885677,0.64362716120802,0.6417171522302929,4.203709003238156
