,RMSE,MSE,MAE,EVS,R2,Max Error
0,0.605018226579592,0.36604705449351455,0.42505339208686266,0.6269623517670277,0.6267829610927091,2.947429459950991
