,RMSE,MSE,MAE,EVS,R2,Max Error
0,0.5616592792810866,0.3154611460025496,0.4012577031901675,0.6335677298342419,0.6335495109760823,2.417832895080691
