,RMSE,MSE,MAE,EVS,R2,Max Error
0,0.5729269027974688,0.3282452359491003,0.40732666936612505,0.6521795519862426,0.6460467699558676,2.706955954483268
