,RMSE,MSE,MAE,EVS,R2,Max Error
0,0.6527267390238618,0.42605219583672466,0.44188836338929693,0.5618608442698254,0.5614706211277927,15.062604979622677
