,RMSE,MSE,MAE,EVS,R2,Max Error
0,0.644613350433791,0.41552637155747735,0.4496392241874113,0.5761124470071295,0.5761120313235222,9.225520033449783
