,RMSE,MSE,MAE,EVS,R2,Max Error
0,0.5782218111296418,0.3343404628660431,0.4258825367924176,0.6661827746131105,0.6661203432104159,3.5421830374363963
