,RMSE,MSE,MAE,EVS,R2,Max Error
0,0.6887522265778661,0.47437962961596813,0.45613248360206654,0.5407171226861138,0.5407061362506611,17.5006938607837
