,RMSE,MSE,MAE,EVS,R2,Max Error
0,0.6362290792147535,0.404787441238453,0.4554901418346928,0.6006494136446315,0.600640766122817,7.615692817928935
