,precision,recall,f1-score,support,ROC_AUC
No rain tomorrow,0.8668001167688394,0.942074967139555,0.9028712914295643,22063.0,
Rain tomorrow,0.7134529147982063,0.4990589711417816,0.5873015873015873,6376.0,
accuracy,0.8427511515876086,0.8427511515876086,0.8427511515876086,0.8427511515876086,0.86663115706471
macro avg,0.7901265157835229,0.7205669691406683,0.7450864393655758,28439.0,
weighted avg,0.8324198024200663,0.8427511515876086,0.8321208278577096,28439.0,
