,precision,recall,f1-score,support,ROC_AUC
No rain tomorrow,0.8683179050954882,0.9438426324615872,0.9045064610706918,22063.0,
Rain tomorrow,0.7219479353680431,0.5046274509803922,0.5940356384452036,6375.0,
accuracy,0.8453829383219635,0.8453829383219635,0.8453829383219635,0.8453829383219635,0.8692898500106203
macro avg,0.7951329202317656,0.7242350417209897,0.7492710497579477,28438.0,
weighted avg,0.8355058734120907,0.8453829383219635,0.8349076322417486,28438.0,
