,precision,recall,f1-score,support,ROC_AUC
No rain tomorrow,0.8668556421693276,0.9425282146580248,0.903109528359246,22063.0,
Rain tomorrow,0.7150561797752809,0.4990589711417816,0.5878440790689082,6376.0,
accuracy,0.8431027813917508,0.8431027813917508,0.8431027813917508,0.8431027813917508,0.8648953669288886
macro avg,0.7909559109723043,0.7207935928999032,0.7454768037140771,28439.0,
weighted avg,0.8328223297383547,0.8431027813917508,0.8324272784673654,28439.0,
