,precision,recall,f1-score,support,ROC_AUC
No rain tomorrow,0.8666055275334529,0.942213560551124,0.9028293487937812,22064.0,
Rain tomorrow,0.7134831460674157,0.4980392156862745,0.5866050808314088,6375.0,
accuracy,0.8426456626463659,0.8426456626463659,0.8426456626463659,0.8426456626463659,0.8686149810177879
macro avg,0.7900443368004343,0.7201263881186992,0.744717214812595,28439.0,
weighted avg,0.8322810019929633,0.8426456626463659,0.8319432519457863,28439.0,
