,precision,recall,f1-score,support,ROC_AUC
No rain tomorrow,0.8698093442279489,0.9408511988396864,0.9039365964117748,22063.0,
Rain tomorrow,0.7146293461622567,0.5126274509803922,0.5970040189989039,6375.0,
accuracy,0.8448554750685702,0.8448554750685702,0.8448554750685702,0.8448554750685702,0.8707353967648792
macro avg,0.7922193451951027,0.7267393249100393,0.7504703077053394,28438.0,
weighted avg,0.8350223519053949,0.8448554750685702,0.8351309426735707,28438.0,
