,RMSE,MSE,MAE,EVS,R2,Max Error
0,0.4722248654844031,0.2229963235817626,0.2959754074396769,0.7965789656738975,0.7949199221887666,2.7849162460328234
