,RMSE,MSE,MAE,EVS,R2,Max Error
0,0.4574666668436833,0.20927575127306952,0.28842210271610597,0.7841772688365565,0.7841211384636905,1.9323184759168976
