,RMSE,MSE,MAE,EVS,R2,Max Error
0,0.4408933594124863,0.1943869543740278,0.2675032434610164,0.8195778147659192,0.8192798555468799,1.8190341562347552
