,RMSE,MSE,MAE,EVS,R2,Max Error
0,0.45717052430185584,0.20900488829043376,0.314221914564127,0.818749715586187,0.818569442697425,2.2725777483852365
