,RMSE,MSE,MAE,EVS,R2,Max Error
0,0.4974366717862464,0.24744324243777785,0.34150033485516185,0.6623394065024815,0.6612526039077584,1.8924426870901927
