,precision,recall,f1-score,support,ROC_AUC
Neutral or dissatisfied,0.8802479338842976,0.9044667119565216,0.8921929971519519,11776.0,
Satisfied,0.8704066351802787,0.8390893947806775,0.8544611557163859,9005.0,
accuracy,0.8761368557817237,0.8761368557817237,0.8761368557817237,0.8761368557817237,0.9291658713908939
macro avg,0.8753272845322881,0.8717780533685996,0.873327076434169,20781.0,
weighted avg,0.8759834184697511,0.8761368557817237,0.8758427140988134,20781.0,
