,precision,recall,f1-score,support,ROC_AUC
Neutral or dissatisfied,0.875615763546798,0.9057324840764333,0.8904195366311835,11775.0,
Satisfied,0.8709302325581395,0.8317601332593004,0.8508946322067595,9005.0,
accuracy,0.8736766121270453,0.8736766121270453,0.8736766121270453,0.8736766121270453,0.9253025884416655
macro avg,0.8732729980524687,0.8687463086678668,0.8706570844189715,20780.0,
weighted avg,0.8735852916241382,0.8736766121270453,0.8732914440257005,20780.0,
