,precision,recall,f1-score,support,ROC_AUC
Neutral or dissatisfied,0.876734693877551,0.9120244565217392,0.8940314659119287,11776.0,
Satisfied,0.8785605438987223,0.8323153803442532,0.8548129562043795,9005.0,
accuracy,0.8774842404119148,0.8774842404119148,0.8774842404119148,0.8774842404119148,0.9257777231248341
macro avg,0.8776476188881366,0.8721699184329962,0.8744222110581541,20781.0,
weighted avg,0.877525886767241,0.8774842404119148,0.8770369670949094,20781.0,
