,precision,recall,f1-score,support,ROC_AUC
Neutral or dissatisfied,0.8826801727000997,0.9027683423913044,0.8926112510495382,11776.0,
Satisfied,0.8689481515394301,0.8430871737923376,0.8558223424642093,9005.0,
accuracy,0.8769067898561186,0.8769067898561186,0.8769067898561186,0.8769067898561186,0.9286967404129348
macro avg,0.8758141621197648,0.8729277580918209,0.8742167967568737,20781.0,
weighted avg,0.8767296962768366,0.8769067898561186,0.8766695676940266,20781.0,
