,precision,recall,f1-score,support,ROC_AUC
Neutral or dissatisfied,0.8766534391534392,0.9004755434782609,0.8884048257372654,11776.0,
Satisfied,0.8650546919976971,0.8343142698500833,0.8494064443188242,9005.0,
accuracy,0.8718059766132525,0.8718059766132525,0.8718059766132525,0.8718059766132525,0.924462425011467
macro avg,0.8708540655755681,0.8673949066641721,0.8689056350280449,20781.0,
weighted avg,0.8716273712001426,0.8718059766132525,0.8715057147862494,20781.0,
