,RMSE,MSE,MAE,EVS,R2,Max Error
0,0.26585548723844066,0.07067914009478868,0.2008476270501583,0.8321037967133689,0.8102394632161208,0.7299072305656484
