,RMSE,MSE,MAE,EVS,R2,Max Error
0,0.5477263783437428,0.30000418553355296,0.3319918430946463,0.9045978915939628,0.8881205398429939,1.7010277890042511
