,precision,recall,f1-score,support,ROC_AUC
No College,0.9662921348314608,0.86,0.91005291005291,100.0,
College,0.8738738738738738,0.97,0.919431279620853,100.0,
accuracy,0.915,0.915,0.915,0.915,0.959
macro avg,0.9200830043526672,0.915,0.9147420948368816,200.0,
weighted avg,0.9200830043526672,0.915,0.9147420948368816,200.0,
