,RMSE,MSE,MAE,EVS,R2,Max Error
0,5076500671258.69,2.5770859065289937e+25,257388801284.59464,-2.295515519471618e+25,-2.3014317965836574e+25,100124243699505.6
