,RMSE,MSE,MAE,EVS,R2,Max Error
0,0.7271617075156773,0.5287641488771155,0.4970952273112012,0.49355585583171935,0.4933687513811419,7.110252552660486
