,RMSE,MSE,MAE,EVS,R2,Max Error
0,0.6219657128093729,0.3868413479104713,0.4513124607868541,0.5629785427563012,0.5604103934955105,3.896309255222544
