,RMSE,MSE,MAE,EVS,R2,Max Error
0,0.6511672579181821,0.4240187977846842,0.45658723021855757,0.5363743912811727,0.5343198859683769,3.251291803590212
