,RMSE,MSE,MAE,EVS,R2,Max Error
0,0.6401192604112108,0.40975266754939554,0.4722953050357303,0.6088105595691129,0.6079061668505226,4.748285976131206
