,RMSE,MSE,MAE,EVS,R2,Max Error
0,0.40259028675368486,0.16207893898841422,0.21409845769442537,0.8513837751538048,0.8509430071069362,1.9024392463983246
