,RMSE,MSE,MAE,EVS,R2,Max Error
0,0.6262469644368193,0.39218526046633073,0.4183252555709345,0.6005153862165726,0.6001327703159488,2.7927242643098937
