,RMSE,MSE,MAE,EVS,R2,Max Error
0,0.6888518516619727,0.4745168735381285,0.46528687861901025,0.6342275396133574,0.6283834966564448,3.505760778670693
