,RMSE,MSE,MAE,EVS,R2,Max Error
0,0.5638701877338352,0.31794958861499056,0.38524968112396135,0.6307725925951874,0.6306588506719775,2.5931597444663206
