,RMSE,MSE,MAE,EVS,R2,Max Error
0,0.5514305047328497,0.3040756015499254,0.39628696240266853,0.6762569850882529,0.6721093573985695,2.463142816173349
