,RMSE,MSE,MAE,EVS,R2,Max Error
0,0.536961910458731,0.2883280932834902,0.39219826359434196,0.697542957865319,0.69620402172009,2.5095510795400258
