,RMSE,MSE,MAE,EVS,R2,Max Error
0,0.6289843033294701,0.39562125383485885,0.4572587042454987,0.5533732728886445,0.550433292000814,3.7050224479008858
