,RMSE,MSE,MAE,EVS,R2,Max Error
0,0.6967098270048419,0.48540458304511663,0.503809052063957,0.5354359653548506,0.5349133814845388,3.4186465553296674
