,RMSE,MSE,MAE,EVS,R2,Max Error
0,0.6534459405643801,0.4269915972400674,0.4815721718093684,0.5916540016787776,0.5914101716877942,4.1135325867776915
