,RMSE,MSE,MAE,EVS,R2,Max Error
0,0.7327405332638889,0.5369086890878483,0.5301578378094243,0.5205210077463045,0.5205209396402708,3.278739860905635
