,RMSE,MSE,MAE,EVS,R2,Max Error
0,0.647640008153347,0.4194375801608674,0.458259662773577,0.5421834994219579,0.5393512240991594,2.916221265480259
