,RMSE,MSE,MAE,EVS,R2,Max Error
0,0.5313749285048547,0.2823593146435394,0.34759917710435656,0.7407163196186497,0.7403263457991853,2.507960355849977
