,RMSE,MSE,MAE,EVS,R2,Max Error
0,0.5100227734421794,0.2601232294296526,0.3652406016665046,0.758541424233482,0.7581653164456394,1.8191407582357395
