,RMSE,MSE,MAE,EVS,R2,Max Error
0,0.4989057028394974,0.24890690032577292,0.3518058675872208,0.7844092314345676,0.7839317634532645,1.9014839983852363
