,RMSE,MSE,MAE,EVS,R2,Max Error
0,0.5091761952519499,0.25926039781125176,0.35484967770787634,0.7332001518628543,0.732559366383954,2.0627435478703906
