,RMSE,MSE,MAE,EVS,R2,Max Error
0,0.5156746157313995,0.26592030930972654,0.3527058270729481,0.6381420633486724,0.6359576787821763,1.7836345802359328
