,RMSE,MSE,MAE,EVS,R2,Max Error
0,0.8784611530835945,0.7716939974769585,0.6797877967339362,0.2573222847489083,0.2559276498991996,3.7661849120203215
