,RMSE,MSE,MAE,EVS,R2,Max Error
0,0.8098527617654891,0.6558614957391901,0.6342994781814494,0.2842758768258309,0.2839825860199573,3.778632250373479
