,RMSE,MSE,MAE,EVS,R2,Max Error
0,0.4133525409109933,0.17086032307757443,0.2824947267896154,0.8272776854095123,0.8272437533515024,3.245838032587805
