,RMSE,MSE,MAE,EVS,R2,Max Error
0,0.41226702119194963,0.16996409676248345,0.2750054423641198,0.8330233418949784,0.8330164352394385,3.348931680151891
