,RMSE,MSE,MAE,EVS,R2,Max Error
0,0.44669855180553186,0.19953959618515946,0.2886195181558544,0.8152035782386151,0.8144894817513669,1.8217541060083633
