,RMSE,MSE,MAE,EVS,R2,Max Error
0,0.5016455892296209,0.25164829719353354,0.31309144824129015,0.7686241648773632,0.7685699407928045,2.8527442444573246
