,RMSE,MSE,MAE,EVS,R2,Max Error
0,0.46568385948120616,0.21686145698131176,0.3057535349607216,0.776296327643522,0.7762960870552832,1.8103850209559327
