,RMSE,MSE,MAE,EVS,R2,Max Error
0,0.48123110940052694,0.23158338065486192,0.3083855560317675,0.6829647164534982,0.6829646006809036,2.2624715331656287
