,RMSE,MSE,MAE,EVS,R2,Max Error
0,0.44486353584658456,0.19790356552592542,0.2873175877040143,0.8305440124100152,0.8282061511612084,2.099483871051259
