,RMSE,MSE,MAE,EVS,R2,Max Error
0,0.8199971110112907,0.6723952620668631,0.6492169987405277,0.3523751844894466,0.35167213367151684,3.384413434241843
