,precision,recall,f1-score,support,ROC_AUC
Not Potable,0.662109375,0.8475,0.7434210526315789,400.0,
Potable,0.5734265734265734,0.3215686274509804,0.4120603015075377,255.0,
accuracy,0.6427480916030535,0.6427480916030535,0.6427480916030535,0.6427480916030535,0.6134411764705883
macro avg,0.6177679742132867,0.5845343137254903,0.5777406770695583,655.0,
weighted avg,0.6275840095019484,0.6427480916030535,0.6144180121176391,655.0,
