,precision,recall,f1-score,support,ROC_AUC
Not Potable,0.6388384754990926,0.8822055137844611,0.7410526315789473,399.0,
Potable,0.5480769230769231,0.22265625,0.3166666666666666,256.0,
accuracy,0.6244274809160305,0.6244274809160305,0.6244274809160305,0.6244274809160305,0.6030408051378446
macro avg,0.5934576992880078,0.5524308818922306,0.528859649122807,655.0,
weighted avg,0.603365258063863,0.6244274809160305,0.5751857506361322,655.0,
