,precision,recall,f1-score,support,ROC_AUC
Not Potable,0.6613226452905812,0.8270676691729323,0.734966592427617,399.0,
Potable,0.5576923076923077,0.33984375,0.4223300970873787,256.0,
accuracy,0.6366412213740458,0.6366412213740458,0.6366412213740458,0.6366412213740458,0.6360530231829574
macro avg,0.6095074764914444,0.5834557095864661,0.5786483447574978,655.0,
weighted avg,0.6208197957865231,0.6366412213740458,0.6127758400503636,655.0,
