,precision,recall,f1-score,support,ROC_AUC
Not Potable,0.6602112676056338,0.9375,0.774793388429752,400.0,
Potable,0.7126436781609196,0.2431372549019607,0.3625730994152046,255.0,
accuracy,0.667175572519084,0.667175572519084,0.667175572519084,0.667175572519084,0.6316960784313725
macro avg,0.6864274728832767,0.5903186274509804,0.5686832439224783,655.0,
weighted avg,0.6806238854554015,0.667175572519084,0.6143106804927908,655.0,
