,precision,recall,f1-score,support,ROC_AUC
Not Potable,0.6466302367941712,0.8875,0.7481559536354058,400.0,
Potable,0.5794392523364486,0.2421875,0.3415977961432506,256.0,
accuracy,0.635670731707317,0.635670731707317,0.635670731707317,0.635670731707317,0.582041015625
macro avg,0.6130347445653099,0.56484375,0.5448768748893282,656.0,
weighted avg,0.6204093648106698,0.635670731707317,0.5894991116872477,656.0,
