,RMSE,MSE,MAE,EVS,R2,Max Error
0,0.1380088972459661,0.019046455719047627,0.06871205878309325,0.9807509654031257,0.9807421984067912,1.6779491073053112
