,precision,recall,f1-score,support,ROC_AUC
No Churn,0.8441203281677302,0.8946859903381642,0.8686679174484052,1035.0,
Churn,0.6506410256410257,0.5427807486631016,0.5918367346938774,374.0,
accuracy,0.801277501774308,0.801277501774308,0.801277501774308,0.801277501774308,0.8413237231651555
macro avg,0.7473806769043779,0.7187333695006328,0.7302523260711413,1409.0,
weighted avg,0.792763863196128,0.801277501774308,0.7951868228066782,1409.0,
