,precision,recall,f1-score,support,ROC_AUC
No Churn,0.824669603524229,0.9043478260869564,0.8626728110599078,1035.0,
Churn,0.6373626373626373,0.4664879356568364,0.5386996904024768,373.0,
accuracy,0.7883522727272727,0.7883522727272727,0.7883522727272727,0.7883522727272727,0.8219049099221614
macro avg,0.7310161204434331,0.6854178808718965,0.7006862507311923,1408.0,
weighted avg,0.7750492211532961,0.7883522727272727,0.776847545431199,1408.0,
