,precision,recall,f1-score,support,ROC_AUC
No Churn,0.8484018264840183,0.8975845410628019,0.872300469483568,1035.0,
Churn,0.6624203821656051,0.5561497326203209,0.6046511627906977,374.0,
accuracy,0.8069552874378992,0.8069552874378992,0.8069552874378992,0.8069552874378992,0.8508189309979591
macro avg,0.7554111043248117,0.7268671368415613,0.7384758161371329,1409.0,
weighted avg,0.7990355666010613,0.8069552874378992,0.8012565797013582,1409.0,
