,precision,recall,f1-score,support,ROC_AUC
No Churn,0.8380090497737557,0.8955512572533849,0.865825151940159,1034.0,
Churn,0.6435643564356436,0.5213903743315508,0.5760709010339734,374.0,
accuracy,0.7961647727272727,0.7961647727272727,0.7961647727272727,0.7961647727272727,0.8344353479038882
macro avg,0.7407867031046996,0.7084708157924678,0.7209480264870662,1408.0,
weighted avg,0.7863596781058196,0.7961647727272727,0.7888591790432035,1408.0,
