,precision,recall,f1-score,support,ROC_AUC
No subscription,0.9016976370727232,0.9845941883767536,0.9413243922883489,7984.0,
"Yes, subscribed",0.6203703703703703,0.1899810964083176,0.2908827785817655,1058.0,
accuracy,0.891616898916169,0.891616898916169,0.891616898916169,0.891616898916169,0.7734313144246905
macro avg,0.7610340037215467,0.5872876423925355,0.6161035854350572,9042.0,
weighted avg,0.8687796711170619,0.891616898916169,0.8652165370238537,9042.0,
