,precision,recall,f1-score,support,ROC_AUC
No subscription,0.9018123422803396,0.9845961177207264,0.9413877746512602,7985.0,
"Yes, subscribed",0.6215384615384615,0.1909262759924385,0.292118582791034,1058.0,
accuracy,0.8917394669910428,0.8917394669910428,0.8917394669910428,0.8917394669910428,0.7635093209976646
macro avg,0.7616754019094005,0.5877611968565825,0.6167531787211471,9043.0,
weighted avg,0.8690212590308751,0.8917394669910428,0.8654255049411951,9043.0,
