,precision,recall,f1-score,support,ROC_AUC
No subscription,0.901509951956074,0.9870991983967936,0.9423651799593448,7984.0,
"Yes, subscribed",0.6566666666666666,0.1862003780718336,0.2901325478645066,1058.0,
accuracy,0.8933864189338642,0.8933864189338642,0.8933864189338642,0.8933864189338642,0.763925653764997
macro avg,0.7790883093113703,0.5866497882343136,0.6162488639119257,9042.0,
weighted avg,0.8728609588310804,0.8933864189338642,0.8660477585087432,9042.0,
