,precision,recall,f1-score,support,ROC_AUC
No subscription,0.9028591112642096,0.9848446893787576,0.94207152698736,7984.0,
"Yes, subscribed",0.6366366366366366,0.2003780718336484,0.3048166786484543,1058.0,
accuracy,0.8930546339305463,0.8930546339305463,0.8930546339305463,0.8930546339305463,0.7840428020502253
macro avg,0.7697478739504231,0.5926113806062029,0.6234441028179072,9042.0,
weighted avg,0.8717085496455441,0.8930546339305463,0.8675066486924515,9042.0,
