,precision,recall,f1-score,support,ROC_AUC
No subscription,0.901956297906418,0.9873512836568566,0.942723902905656,7985.0,
"Yes, subscribed",0.6644518272425249,0.1892147587511826,0.2945508100147275,1057.0,
accuracy,0.8940499889404999,0.8940499889404999,0.8940499889404999,0.8940499889404999,0.7828245841747979
macro avg,0.7832040625744715,0.5882830212040197,0.6186373564601917,9042.0,
weighted avg,0.8741922827005195,0.8940499889404999,0.8669531708568048,9042.0,
