,RMSE,MSE,MAE,EVS,R2,Max Error
0,0.5588642229189481,0.31232921965879973,0.39876197559794146,0.6918591316447023,0.691859121175354,5.166281526235045
