,RMSE,MSE,MAE,EVS,R2,Max Error
0,0.5329794041160852,0.2840670452119373,0.381471361388984,0.716326476228285,0.716324471326125,5.068863137823342
