,RMSE,MSE,MAE,EVS,R2,Max Error
0,0.55269582266718,0.3054726723937509,0.38988017716396967,0.6884268291776217,0.6883803304665799,4.895965031160705
