,RMSE,MSE,MAE,EVS,R2,Max Error
0,0.5406552116268968,0.2923080578593245,0.38468672651371333,0.6991395880485776,0.6991315329319058,4.930466942277967
