,RMSE,MSE,MAE,EVS,R2,Max Error
0,0.5577413562352632,0.31107542045515074,0.39851748493609457,0.6988977113943441,0.6988171016239458,6.447680893388984
