,precision,recall,f1-score,support,ROC_AUC
Income <= 50K,0.8822059953881629,0.9286003236245954,0.9048088293259756,4944.0,
Income > 50K,0.7303284950343774,0.6093052899936265,0.6643502432244613,1569.0,
accuracy,0.8516812528788577,0.8516812528788577,0.8516812528788577,0.8516812528788577,0.9062652762565978
macro avg,0.8062672452112701,0.7689528068091109,0.7845795362752185,6513.0,
weighted avg,0.8456182788128384,0.8516812528788577,0.8468816803019811,6513.0,
