,precision,recall,f1-score,support,ROC_AUC
Income <= 50K,0.8814403371001723,0.9308252427184466,0.9054599114608952,4944.0,
Income > 50K,0.7350890782339272,0.6052295918367347,0.6638684854844351,1568.0,
accuracy,0.8524262899262899,0.8524262899262899,0.8524262899262899,0.8524262899262899,0.9086328099200844
macro avg,0.8082647076670497,0.7680274172775907,0.7846641984726652,6512.0,
weighted avg,0.8462009676434353,0.8524262899262899,0.8472880201938361,6512.0,
