,precision,recall,f1-score,support,ROC_AUC
Income <= 50K,0.8816830727658753,0.9239482200647248,0.902320987654321,4944.0,
Income > 50K,0.7175056348610067,0.6090561224489796,0.6588478785788203,1568.0,
accuracy,0.8481265356265356,0.8481265356265356,0.8481265356265356,0.8481265356265356,0.9034891034690575
macro avg,0.799594353813441,0.7665021712568523,0.7805844331165707,6512.0,
weighted avg,0.8421514046708455,0.8481265356265356,0.8436960129874927,6512.0,
