,precision,recall,f1-score,support,ROC_AUC
Income <= 50K,0.8790199081163859,0.9288025889967636,0.9032258064516128,4944.0,
Income > 50K,0.7267080745341615,0.5969387755102041,0.6554621848739496,1568.0,
accuracy,0.8488943488943489,0.8488943488943489,0.8488943488943489,0.8488943488943489,0.9061388056436167
macro avg,0.8028639913252738,0.7628706822534839,0.7793439956627812,6512.0,
weighted avg,0.8423453142808626,0.8488943488943489,0.8435677354083426,6512.0,
