,precision,recall,f1-score,support,ROC_AUC
Income <= 50K,0.8820042073054122,0.9328478964401294,0.9067138503882828,4944.0,
Income > 50K,0.7412314886983632,0.6065051020408163,0.6671343388284812,1568.0,
accuracy,0.8542690417690417,0.8542690417690417,0.8542690417690417,0.8542690417690417,0.9077982072683443
macro avg,0.8116178480018876,0.7696764992404729,0.786924094608382,6512.0,
weighted avg,0.8481080735867615,0.8542690417690417,0.8490264004303943,6512.0,
