,RMSE,MSE,MAE,EVS,R2,Max Error
0,0.5591178800865582,0.31261280383248685,0.39758263315975423,0.6368890421672965,0.636858242952598,2.2469998189393254
