,RMSE,MSE,MAE,EVS,R2,Max Error
0,0.6792560025123786,0.4613887169490965,0.46082589697193294,0.6474254527170504,0.6386647741389213,3.3861573396001896
