,RMSE,MSE,MAE,EVS,R2,Max Error
0,0.5454906362357775,0.2975600342209134,0.4032304144826564,0.6875121304768862,0.6864768165193493,2.5060616084937313
