,RMSE,MSE,MAE,EVS,R2,Max Error
0,0.5389183682144392,0.2904330075989139,0.3969103057310623,0.691821355583339,0.6868204321265203,2.194768708841409
