,RMSE,MSE,MAE,EVS,R2,Max Error
0,0.6095019505426651,0.3714926277153134,0.42619875441745114,0.6216232166366547,0.6212307221440725,2.8621174328312398
