,RMSE,MSE,MAE,EVS,R2,Max Error
0,0.23995854305021258,0.057580102382780725,0.1360918555786671,0.9440649111233109,0.9440622709389572,3.3975566411268643
