,RMSE,MSE,MAE,EVS,R2,Max Error
0,0.20275968891109997,0.04111149144732603,0.10926244879337524,0.9596097514364328,0.9596094497293081,3.420185844544076
