,RMSE,MSE,MAE,EVS,R2,Max Error
0,0.20859663704407405,0.04351255698609716,0.11366406583086877,0.9560157150298187,0.9560046130570402,3.159078448442064
