,RMSE,MSE,MAE,EVS,R2,Max Error
0,0.20368934900010463,0.04148935089608642,0.11702911812903662,0.9579840872398907,0.9579729221978077,3.386496161740725
