,RMSE,MSE,MAE,EVS,R2,Max Error
0,5241376742.43355,2.747203015612333e+19,71362454.51596762,-2.8127965343189565e+19,-2.8133180503168143e+19,384964760305.70605
