,precision,recall,f1-score,support,ROC_AUC
No Stroke,0.952007835455436,0.998972250770812,0.9749247743229688,973.0,
Stroke,0.0,0.0,0.0,49.0,
accuracy,0.9510763209393346,0.9510763209393346,0.9510763209393346,0.9510763209393346,0.7570107179562473
macro avg,0.4760039177277179,0.499486125385406,0.4874623871614844,1022.0,
weighted avg,0.9063636241664766,0.9510763209393346,0.9281818056910456,1022.0,
