,RMSE,MSE,MAE,EVS,R2,Max Error
0,0.839396036178601,0.7045857055523473,0.6450348663128164,0.3136637225759187,0.3128761365798858,3.7342960343148643
