,RMSE,MSE,MAE,EVS,R2,Max Error
0,0.7811415935973989,0.6101821892478838,0.6080676443186345,0.3340862167696903,0.3338516195259481,3.6218448754153183
