,RMSE,MSE,MAE,EVS,R2,Max Error
0,0.8238278769993211,0.6786923709212086,0.6411960440698234,0.34672127013876686,0.3456004205320955,3.567716997692915
