,RMSE,MSE,MAE,EVS,R2,Max Error
0,0.7963919781067795,0.6342401827928291,0.6193542149965067,0.38767491285381894,0.3868155086102445,3.3558241828009954
