,RMSE,MSE,MAE,EVS,R2,Max Error
0,0.8110307437714672,0.6577708673424993,0.6361313846735726,0.332273119100033,0.3320882685255112,3.2440908078503456
