,precision,recall,f1-score,support,ROC_AUC
No Churn,0.8147512864493996,0.9178743961352656,0.8632439800090868,1035.0,
Churn,0.6502057613168725,0.4224598930481283,0.5121555915721232,374.0,
accuracy,0.7863733144073811,0.7863733144073811,0.7863733144073811,0.7863733144073811,0.8416505205507764
macro avg,0.7324785238831361,0.670167144591697,0.687699785790605,1409.0,
weighted avg,0.7710749014958403,0.7863733144073811,0.7700523140932426,1409.0,
