,RMSE,MSE,MAE,EVS,R2,Max Error
0,0.6449855138965622,0.41600631313641245,0.45446788377129294,0.5447065174431835,0.5431196249992358,3.204905084840212
