,RMSE,MSE,MAE,EVS,R2,Max Error
0,0.6334768282436991,0.40129289192169704,0.46756739142047965,0.616627711653349,0.6160013572327767,4.693769003562574
