,RMSE,MSE,MAE,EVS,R2,Max Error
0,0.7321237307941774,0.536005157191985,0.5229903396266399,0.5213727869317855,0.5213278266086481,3.650248170697332
