,RMSE,MSE,MAE,EVS,R2,Max Error
0,0.6309493210145446,0.39809704568871485,0.4589931079564647,0.5518542722897365,0.547619910306478,3.493965505222544
