,RMSE,MSE,MAE,EVS,R2,Max Error
0,0.6800800038443742,0.46250881162896396,0.48291515509737726,0.5576740655596513,0.5568507864415324,3.4325318711727197
