,RMSE,MSE,MAE,EVS,R2,Max Error
0,0.30120649483906053,0.090725352533233,0.20500556575441814,0.8964182053714336,0.895863669440799,1.174362785818663
