,RMSE,MSE,MAE,EVS,R2,Max Error
0,0.347035488066471,0.12043362997753373,0.25325179816561816,0.9039249803946207,0.8959866561759225,1.4175736497258309
