,RMSE,MSE,MAE,EVS,R2,Max Error
0,0.2595792838803677,0.06738140461984454,0.19541905988501215,0.8233428535717864,0.8190932785434919,0.6471918534181194
