,RMSE,MSE,MAE,EVS,R2,Max Error
0,0.48242471615558274,0.23273360675779456,0.3197173896092643,0.9182771408218069,0.913207509961414,2.0173335578062916
