,RMSE,MSE,MAE,EVS,R2,Max Error
0,0.7327983992754091,0.5369934939806019,0.5145393525573174,0.5206322991095298,0.520445205775057,3.4129067204327206
