,RMSE,MSE,MAE,EVS,R2,Max Error
0,0.6747480958813306,0.45528499289548124,0.4811533816664175,0.5648402224112563,0.564336117425515,5.342600563803726
