,RMSE,MSE,MAE,EVS,R2,Max Error
0,0.6267645246853046,0.39283376940399584,0.4482962973768064,0.5560998325911305,0.5536008675216813,3.492106086673531
