,RMSE,MSE,MAE,EVS,R2,Max Error
0,0.6440814140768522,0.41484086795923747,0.4506721669387208,0.545371447452424,0.5443995792037192,3.3479803191583324
