,RMSE,MSE,MAE,EVS,R2,Max Error
0,0.7012547375611227,0.49175820695191896,0.49143241617864136,0.5296825120192978,0.5288257062516515,3.4825712319926474
