,RMSE,MSE,MAE,EVS,R2,Max Error
0,0.625839137047886,0.39167462546084253,0.4445799784711423,0.5886680153533028,0.5776496240460638,2.9819407557620945
