,RMSE,MSE,MAE,EVS,R2,Max Error
0,0.7601641320095843,0.5778495075938848,0.5095427991271276,0.5535468033643869,0.54745884615296,3.453969835436209
