,RMSE,MSE,MAE,EVS,R2,Max Error
0,0.6347614931645302,0.4029221532044639,0.4276249436101655,0.5323596675840765,0.5319518046791336,3.01164491423138
