,RMSE,MSE,MAE,EVS,R2,Max Error
0,0.4144294079976401,0.17175173421327444,0.22561106099944947,0.8427201624371123,0.8420473555306933,1.7963588615816284
