,precision,recall,f1-score,support,ROC_AUC
No subscription,0.902109124254929,0.9857214428857716,0.9420636820684702,7984.0,
"Yes, subscribed",0.6415094339622641,0.1928166351606805,0.2965116279069767,1058.0,
accuracy,0.8929440389294404,0.8929440389294404,0.8929440389294404,0.8929440389294404,0.7851519437741267
macro avg,0.7718092791085965,0.589269039023226,0.6192876549877235,9042.0,
weighted avg,0.871616481882706,0.8929440389294404,0.8665279517761831,9042.0,
