,precision,recall,f1-score,support,ROC_AUC
No subscription,0.9011965811965812,0.9904809619238476,0.9437317262366488,7984.0,
"Yes, subscribed",0.7153558052434457,0.1805293005671077,0.2883018867924528,1058.0,
accuracy,0.8957089139570892,0.8957089139570892,0.8957089139570892,0.8957089139570892,0.8027450221804668
macro avg,0.8082761932200134,0.5855051312454778,0.6160168065145508,9042.0,
weighted avg,0.8794514428468336,0.8957089139570892,0.8670402011169895,9042.0,
