,precision,recall,f1-score,support,ROC_AUC
No subscription,0.8995226187769948,0.991108328115216,0.94309718167193,7985.0,
"Yes, subscribed",0.7090163934426229,0.1636707663197729,0.2659492697924673,1057.0,
accuracy,0.8943817739438178,0.8943817739438178,0.8943817739438178,0.8943817739438178,0.8023878736680471
macro avg,0.8042695061098089,0.5773895472174945,0.6045232257321986,9042.0,
weighted avg,0.8772526475119614,0.8943817739438178,0.8639393246871265,9042.0,
