,precision,recall,f1-score,support,ROC_AUC
No subscription,0.9038350800414604,0.9829659318637276,0.9417411651766964,7984.0,
"Yes, subscribed",0.6211699164345403,0.2107750472589792,0.3147494707127734,1058.0,
accuracy,0.8926122539261225,0.8926122539261225,0.8926122539261225,0.8926122539261225,0.7988379878850329
macro avg,0.7625024982380003,0.5968704895613534,0.6282453179447349,9042.0,
weighted avg,0.8707605674229997,0.8926122539261225,0.8683771734997632,9042.0,
