,precision,recall,f1-score,support,ROC_AUC
No subscription,0.9050968634686348,0.982968065122104,0.9424266074323108,7985.0,
"Yes, subscribed",0.633423180592992,0.222117202268431,0.3289013296011197,1058.0,
accuracy,0.8939511224151278,0.8939511224151278,0.8939511224151278,0.8939511224151278,0.7921506889690382
macro avg,0.7692600220308133,0.6025426336952675,0.6356639685167152,9043.0,
weighted avg,0.8733119738874746,0.8939511224151278,0.8706462531311496,9043.0,
