,RMSE,MSE,MAE,EVS,R2,Max Error
0,0.5487196428389978,0.3010932464373573,0.3976922182862728,0.6798789615377503,0.6753252889936767,2.455799218817626
