,RMSE,MSE,MAE,EVS,R2,Max Error
0,0.5455902165941409,0.2976686844432415,0.4018410937964335,0.687685925615529,0.6863623375582234,2.5424267469817856
