,RMSE,MSE,MAE,EVS,R2,Max Error
0,0.5990295007935714,0.3588363428209954,0.4188154596276721,0.6342503578910959,0.6341349133234284,2.9210203500834058
