,RMSE,MSE,MAE,EVS,R2,Max Error
0,0.5583093705950657,0.3117093532942584,0.3994427888026783,0.6379083128022012,0.6379077220904822,2.4567299054884018
