,RMSE,MSE,MAE,EVS,R2,Max Error
0,0.6868625312577398,0.4717801368457896,0.46740156970362084,0.6376016674446825,0.6305267640024421,3.503416897170945
