,RMSE,MSE,MAE,EVS,R2,Max Error
0,0.5728318143007614,0.328136287475102,0.375901804970471,0.663799399191416,0.6637485881255833,2.6986113801866716
