,RMSE,MSE,MAE,EVS,R2,Max Error
0,0.2515671505986283,0.06328603126031293,0.2042833051580047,0.946281729230938,0.9453425780658758,0.5432802706717601
