,RMSE,MSE,MAE,EVS,R2,Max Error
0,0.5342799113418023,0.28545502366340414,0.35314926518299855,0.7385443002289298,0.7374793560529977,2.5205921716245028
