,RMSE,MSE,MAE,EVS,R2,Max Error
0,0.49615317108733115,0.2461679691800145,0.3449888626661879,0.7865307181509272,0.786309343270909,1.8995308733852363
