,RMSE,MSE,MAE,EVS,R2,Max Error
0,2493008608.3599243,6.215091921356687e+18,152284738.5804105,-6.38726938457849e+18,-6.411191741824381e+18,40812309845.481575
