,RMSE,MSE,MAE,EVS,R2,Max Error
0,0.5205139072926993,0.27093472768511273,0.3557584856972623,0.6298811694842015,0.6290929887189337,1.8299248550601939
