,RMSE,MSE,MAE,EVS,R2,Max Error
0,0.4815561133923731,0.23189629034556808,0.3462518130019232,0.7844451309162858,0.7844076973974485,1.8179164765396365
