,RMSE,MSE,MAE,EVS,R2,Max Error
0,0.5506439229102252,0.30320872983796204,0.3940032431016845,0.6822578735175595,0.6805250863516632,2.326397030032626
