,RMSE,MSE,MAE,EVS,R2,Max Error
0,0.6242710766434382,0.3897143771335575,0.4282162699486816,0.6029967252951909,0.6026520523307133,2.9120985445696292
