,RMSE,MSE,MAE,EVS,R2,Max Error
0,0.5569163605425282,0.31015583263993535,0.38727811669278317,0.639712381800111,0.6397123449757387,2.273738207157059
