,RMSE,MSE,MAE,EVS,R2,Max Error
0,0.5510553220086779,0.3036619679140877,0.39394748520235706,0.6794902036313633,0.672555386603034,2.3398837543406725
