,RMSE,MSE,MAE,EVS,R2,Max Error
0,0.6861358021112098,0.47078233893879323,0.46399894189670954,0.639463608451726,0.6313081865185198,3.3292436391214446
