,RMSE,MSE,MAE,EVS,R2,Max Error
0,0.5927217327940613,0.35131905252639456,0.3862001658824121,0.6694730185663758,0.6688828646736912,2.980175116189292
