,RMSE,MSE,MAE,EVS,R2,Max Error
0,0.5911876548771803,0.34950284327917996,0.3831513422855928,0.6654302757464454,0.6652395562795183,2.765098052812218
