,RMSE,MSE,MAE,EVS,R2,Max Error
0,0.5761894509569638,0.3319942833940874,0.3809294616883171,0.656630344018782,0.6562292009848116,2.7168025698921454
