,RMSE,MSE,MAE,EVS,R2,Max Error
0,0.5661767452278073,0.3205561068367534,0.37009017060863636,0.6640387256299256,0.6638894200406599,2.8975642603735223
