,RMSE,MSE,MAE,EVS,R2,Max Error
0,0.42701975747673493,0.18234587327548954,0.27586022351231704,0.8140043691139064,0.8139847982943387,3.050801494235919
