,RMSE,MSE,MAE,EVS,R2,Max Error
0,0.41816201466019093,0.17485947050466974,0.26972320277199435,0.8201058104619051,0.8200196695624538,2.806096446664132
