,RMSE,MSE,MAE,EVS,R2,Max Error
0,0.4354793539672393,0.1896422677317241,0.28408950499849533,0.812931226582242,0.8129008387207878,3.194211618316258
