,precision,recall,f1-score,support,ROC_AUC
No College,0.9318181818181818,0.82,0.8723404255319149,100.0,
College,0.8392857142857143,0.94,0.8867924528301886,100.0,
accuracy,0.88,0.88,0.88,0.88,0.9639
macro avg,0.885551948051948,0.8799999999999999,0.8795664391810518,200.0,
weighted avg,0.885551948051948,0.88,0.8795664391810518,200.0,
