,precision,recall,f1-score,support,ROC_AUC
No College,0.86,0.86,0.8599999999999999,100.0,
College,0.86,0.86,0.8599999999999999,100.0,
accuracy,0.86,0.86,0.86,0.86,0.9410000000000001
macro avg,0.86,0.86,0.8599999999999999,200.0,
weighted avg,0.86,0.86,0.8599999999999999,200.0,
