,precision,recall,f1-score,support,ROC_AUC
No College,0.8421052631578947,0.96,0.8971962616822429,100.0,
College,0.9534883720930232,0.82,0.8817204301075269,100.0,
accuracy,0.89,0.89,0.89,0.89,0.9522999999999999
macro avg,0.8977968176254589,0.8899999999999999,0.8894583458948848,200.0,
weighted avg,0.8977968176254589,0.89,0.8894583458948848,200.0,
