,precision,recall,f1-score,support,ROC_AUC
Bad,0.7120799273387829,0.7633885102239533,0.7368421052631579,1027.0,
Good,0.7216494845360825,0.665258711721225,0.6923076923076924,947.0,
accuracy,0.7163120567375887,0.7163120567375887,0.7163120567375887,0.7163120567375887,0.778376649882939
macro avg,0.7168647059374327,0.7143236109725891,0.7145748987854251,1974.0,
weighted avg,0.7166707939374874,0.7163120567375887,0.7154773185008347,1974.0,
