,precision,recall,f1-score,support,ROC_AUC
Bad,0.7457466918714556,0.7682570593963,0.7568345323741008,1027.0,
Good,0.740174672489083,0.7159450897571278,0.7278582930756845,947.0,
accuracy,0.743161094224924,0.743161094224924,0.743161094224924,0.743161094224924,0.810690038444573
macro avg,0.7429606821802692,0.7421010745767138,0.7423464127248927,1974.0,
weighted avg,0.743073590374441,0.743161094224924,0.7429335705627532,1974.0,
