,precision,recall,f1-score,support,ROC_AUC
Bad,0.7495256166982922,0.7684824902723736,0.7588856868395774,1028.0,
Good,0.741585233441911,0.7212249208025343,0.7312633832976445,947.0,
accuracy,0.7458227848101265,0.7458227848101265,0.7458227848101265,0.7458227848101265,0.8212612838412516
macro avg,0.7455554250701015,0.744853705537454,0.745074535068611,1975.0,
weighted avg,0.7457182531824477,0.7458227848101265,0.7456409671159265,1975.0,
