,precision,recall,f1-score,support,ROC_AUC
Bad,0.7393364928909952,0.759493670886076,0.7492795389048991,1027.0,
Good,0.7312295973884657,0.7096092925026399,0.7202572347266881,947.0,
accuracy,0.7355623100303952,0.7355623100303952,0.7355623100303952,0.7355623100303952,0.8003596659979909
macro avg,0.7352830451397305,0.7345514816943579,0.7347683868157936,1974.0,
weighted avg,0.7354473186048274,0.7355623100303952,0.7353564780858689,1974.0,
