,precision,recall,f1-score,support,ROC_AUC
Bad,0.7300380228136882,0.747809152872444,0.7388167388167388,1027.0,
Good,0.7190889370932755,0.7001055966209081,0.709470304975923,947.0,
accuracy,0.7249240121580547,0.7249240121580547,0.7249240121580547,0.7249240121580547,0.8027687495694393
macro avg,0.7245634799534819,0.7239573747466761,0.7241435218963309,1974.0,
weighted avg,0.7247853459255267,0.7249240121580547,0.7247381811433586,1974.0,
