,RMSE,MSE,MAE,EVS,R2,Max Error
0,0.6562098609169288,0.4306113815646151,0.475675372845381,0.589197178098418,0.5879463867673087,4.979383838947365
