,RMSE,MSE,MAE,EVS,R2,Max Error
0,0.6519926832718526,0.4250944590400302,0.4566153999379127,0.5346887545524637,0.5331385372671731,3.402058965900472
