,RMSE,MSE,MAE,EVS,R2,Max Error
0,0.7468301854900197,0.5577553259590572,0.5277205859178269,0.5020256509709952,0.5019041318630506,3.4805679292443124
