,precision,recall,f1-score,support,ROC_AUC
No Churn,0.855191256830601,0.9072463768115944,0.8804500703234881,1035.0,
Churn,0.6913183279742765,0.5748663101604278,0.6277372262773723,374.0,
accuracy,0.8190205819730305,0.8190205819730305,0.8190205819730305,0.8190205819730305,0.863458110516934
macro avg,0.7732547924024388,0.741056343486011,0.7540936483004301,1409.0,
weighted avg,0.8116934034649053,0.8190205819730305,0.813370862606492,1409.0,
