,precision,recall,f1-score,support,ROC_AUC
No Churn,0.8285968028419183,0.9014492753623188,0.8634891254049052,1035.0,
Churn,0.6382978723404256,0.4825737265415549,0.549618320610687,373.0,
accuracy,0.7904829545454546,0.7904829545454546,0.7904829545454546,0.7904829545454546,0.8227027237051715
macro avg,0.7334473375911719,0.692011500951937,0.7065537230077961,1408.0,
weighted avg,0.7781838049178723,0.7904829545454546,0.7803401124871187,1408.0,
