,precision,recall,f1-score,support,ROC_AUC
No Churn,0.8334825425246195,0.9003868471953579,0.8656438865643886,1034.0,
Churn,0.6460481099656358,0.5026737967914439,0.5654135338345865,374.0,
accuracy,0.7947443181818182,0.7947443181818182,0.7947443181818182,0.7947443181818182,0.8294213324506873
macro avg,0.7397653262451276,0.7015303219934008,0.7155287101994876,1408.0,
weighted avg,0.7836952713761395,0.7947443181818182,0.7858951991205348,1408.0,
