,RMSE,MSE,MAE,EVS,R2,Max Error
0,6113966305.530737,3.7380583985165165e+19,105171010.67667298,-3.77931195000396e+19,-3.779537150865692e+19,409698471096.45514
