,RMSE,MSE,MAE,EVS,R2,Max Error
0,1060141136.0792621,1.1238992284074286e+18,27798108.47605919,-1.1382185986675628e+18,-1.138465637421153e+18,68584762553.72222
