,RMSE,MSE,MAE,EVS,R2,Max Error
0,19558884439.661045,3.825499605240149e+20,334525425.0385987,-3.758034922494137e+20,-3.7584147078180104e+20,1900185897773.5657
