,RMSE,MSE,MAE,EVS,R2,Max Error
0,2423807038.2795663,5.874840558813562e+18,35417246.37034111,-6.01605562978739e+18,-6.016226282847021e+18,231201755956.45547
