,RMSE,MSE,MAE,EVS,R2,Max Error
0,1406582651.9035463,1.9784747566360133e+18,20346983.176578462,-1.9219693186902129e+18,-1.9220421692739825e+18,141828982389.4866
