,precision,recall,f1-score,support,ROC_AUC
No subscription,0.8998288648031946,0.9877269881026924,0.941731343283582,7985.0,
"Yes, subscribed",0.6474820143884892,0.1701323251417769,0.2694610778443113,1058.0,
accuracy,0.8920712153046555,0.8920712153046555,0.8920712153046555,0.8920712153046555,0.7579753152472797
macro avg,0.7736554395958419,0.5789296566222347,0.6055962105639467,9043.0,
weighted avg,0.8703051483663089,0.8920712153046555,0.8630780268139648,9043.0,
