,precision,recall,f1-score,support,ROC_AUC
No subscription,0.8980263157894737,0.991484032561052,0.9424439021486816,7985.0,
"Yes, subscribed",0.6991150442477876,0.1494796594134342,0.2462977396726422,1057.0,
accuracy,0.8930546339305463,0.8930546339305463,0.8930546339305463,0.8930546339305463,0.7590508812348603
macro avg,0.7985706800186306,0.5704818459872432,0.594370820910662,9042.0,
weighted avg,0.8747738037324551,0.8930546339305463,0.8610651702600315,9042.0,
