,RMSE,MSE,MAE,EVS,R2,Max Error
0,0.8644539002971433,0.7472805457389434,0.663109592696671,0.27179292886168316,0.2712394083494708,3.886693578998508
