,RMSE,MSE,MAE,EVS,R2,Max Error
0,0.8277231627833636,0.6851256342080946,0.6397778149433802,0.3045593696118787,0.304311772775408,4.924071402686989
