,RMSE,MSE,MAE,EVS,R2,Max Error
0,0.7970755828759842,0.63532948481709,0.6229629096169514,0.3073311633812691,0.3063978024334213,3.760846349925933
