,RMSE,MSE,MAE,EVS,R2,Max Error
0,0.8260615896892484,0.6823777499599281,0.6410588862730073,0.3406758432446866,0.34027602650092603,4.673881926409589
