,RMSE,MSE,MAE,EVS,R2,Max Error
0,0.8602555998592898,0.7400396970892665,0.6594274508220611,0.2878379029147021,0.28644893133623694,3.881253808621739
