,RMSE,MSE,MAE,EVS,R2,Max Error
0,0.3996334853361088,0.1597069226018859,0.28554903183764535,0.8620817635864209,0.862068003307929,1.0747059734515871
