,RMSE,MSE,MAE,EVS,R2,Max Error
0,0.52069420720759,0.2711224574195406,0.3846265536334479,0.63387799914367,0.6288359885354572,2.244062470863554
