,RMSE,MSE,MAE,EVS,R2,Max Error
0,0.5785539236091921,0.33472464252359085,0.4248065649468024,0.709669577410621,0.7094360857647948,2.1138459557932876
