,RMSE,MSE,MAE,EVS,R2,Max Error
0,0.5779303320249944,0.33400346867452035,0.40465220046139794,0.6929753031666924,0.6928314501118777,2.8132172923660477
