,RMSE,MSE,MAE,EVS,R2,Max Error
0,0.8211809952155692,0.6743382269032328,0.5277561179095214,0.39235332404547285,0.379746374300282,4.9470217668439584
