,RMSE,MSE,MAE,EVS,R2,Max Error
0,0.723617515984499,0.5236223094395765,0.501073213539573,0.4874024809945062,0.48738487960751964,2.7568055738264317
