,RMSE,MSE,MAE,EVS,R2,Max Error
0,0.7263296710145685,0.5275547909961312,0.4793978844643639,0.377389378412729,0.376997732679878,3.6560806279301366
