,RMSE,MSE,MAE,EVS,R2,Max Error
0,6.459500402728668,41.72514545285183,1.0702583537554764,-38.13391671735091,-38.45990869798945,90.56589005544583
