,RMSE,MSE,MAE,EVS,R2,Max Error
0,1.1998776568949172,1.4397063915156367,0.5401091622966049,-0.4865868825081894,-0.4870847769421309,14.78596659762909
