,precision,recall,f1-score,support,ROC_AUC
Bad,0.7194174757281553,0.7215189873417721,0.7204666990763247,1027.0,
Good,0.6970338983050848,0.6948257655755016,0.695928080380751,947.0,
accuracy,0.7087132725430598,0.7087132725430598,0.7087132725430598,0.7087132725430598,0.7905876086940875
macro avg,0.70822568701662,0.7081723764586368,0.7081973897285379,1974.0,
weighted avg,0.708679254948192,0.7087132725430598,0.7086946261762699,1974.0,
