,precision,recall,f1-score,support,ROC_AUC
Bad,0.7447418738049714,0.7585199610516066,0.7515677761698023,1027.0,
Good,0.7327586206896551,0.7180570221752904,0.7253333333333334,947.0,
accuracy,0.7391084093211753,0.7391084093211753,0.7391084093211753,0.7391084093211753,0.8028684854236563
macro avg,0.7387502472473133,0.7382884916134484,0.7384505547515678,1974.0,
weighted avg,0.7389930689923045,0.7391084093211753,0.738982154403776,1974.0,
