,precision,recall,f1-score,support,ROC_AUC
Bad,0.7488061127029608,0.7626459143968871,0.7556626506024097,1028.0,
Good,0.7370689655172413,0.7222808870116156,0.7296,947.0,
accuracy,0.7432911392405064,0.7432911392405064,0.7432911392405064,0.7432911392405064,0.8121109463018583
macro avg,0.7429375391101011,0.7424634007042514,0.7426313253012049,1975.0,
weighted avg,0.74317822491315,0.7432911392405064,0.7431657745920391,1975.0,
