,precision,recall,f1-score,support,ROC_AUC
Bad,0.743614931237721,0.7370983446932814,0.7403422982885085,1027.0,
Good,0.7175732217573222,0.7243928194297783,0.720966894377299,947.0,
accuracy,0.7310030395136778,0.7310030395136778,0.7310030395136778,0.7310030395136778,0.7997489124164969
macro avg,0.7305940764975216,0.7307455820615298,0.7306545963329037,1974.0,
weighted avg,0.7311217707119168,0.7310030395136778,0.7310472083675787,1974.0,
