,precision,recall,f1-score,support,ROC_AUC
Bad,0.7217068645640075,0.7575462512171373,0.7391923990498813,1027.0,
Good,0.7220982142857143,0.6832101372756072,0.7021161150298426,947.0,
accuracy,0.7218844984802432,0.7218844984802432,0.7218844984802432,0.7218844984802432,0.7813738665328629
macro avg,0.7219025394248608,0.7203781942463723,0.720654257039862,1974.0,
weighted avg,0.7218946093393146,0.7218844984802432,0.7214055495225375,1974.0,
