,RMSE,MSE,MAE,EVS,R2,Max Error
0,0.7052735562250638,0.4974107891103482,0.49255396906481375,0.5203935525489547,0.5203932957507795,3.7523310565332717
