,RMSE,MSE,MAE,EVS,R2,Max Error
0,0.7313913763592291,0.5349333454126476,0.4820888921073179,0.4794487486265814,0.4783239795021976,2.915745409518682
