,RMSE,MSE,MAE,EVS,R2,Max Error
0,0.6484493572345451,0.42048656889789465,0.43337512418858454,0.5414714317215217,0.5409462094793602,3.066850695716085
