,RMSE,MSE,MAE,EVS,R2,Max Error
0,0.717089203298848,0.5142169254877765,0.466724532995062,0.5041938172912024,0.5028541986558108,4.33387264590969
