,RMSE,MSE,MAE,EVS,R2,Max Error
0,0.6782620956831191,0.4600394704404567,0.4573142961529471,0.5329912023984582,0.5328680935811346,3.236298561400639
