,precision,recall,f1-score,support,ROC_AUC
No rain tomorrow,0.8662362007915018,0.9424828899061778,0.9027524528957194,22063.0,
Rain tomorrow,0.7138024357239513,0.4963927227101631,0.5855689176688251,6376.0,
accuracy,0.8424698477442948,0.8424698477442948,0.8424698477442948,0.8424698477442948,0.8677245456165192
macro avg,0.7900193182577265,0.7194378063081704,0.7441606852822722,28439.0,
weighted avg,0.8320606782319638,0.8424698477442948,0.8316401697420684,28439.0,
