,precision,recall,f1-score,support,ROC_AUC
No rain tomorrow,0.8738363031298707,0.9402166523138286,0.905811973276276,22063.0,
Rain tomorrow,0.7193019791444988,0.5301960784313725,0.6104388658118114,6375.0,
accuracy,0.8483015683240734,0.8483015683240734,0.8483015683240734,0.8483015683240734,0.8757271094450562
macro avg,0.7965691411371847,0.7352063653726005,0.7581254195440437,28438.0,
weighted avg,0.8391940527815077,0.8483015683240734,0.8395976276793298,28438.0,
