,precision,recall,f1-score,support,ROC_AUC
No rain tomorrow,0.8739478114478114,0.9411684721026152,0.9063134233900006,22063.0,
Rain tomorrow,0.7225309961522018,0.5301960784313725,0.6115986609970143,6375.0,
accuracy,0.8490400168788241,0.8490400168788241,0.8490400168788241,0.8490400168788241,0.8757055064241172
macro avg,0.7982394038000067,0.7356822752669938,0.7589560421935075,28438.0,
weighted avg,0.8400044188917417,0.8490400168788241,0.8402466602471886,28438.0,
