,precision,recall,f1-score,support,ROC_AUC
No rain tomorrow,0.8731340145494302,0.9411231473507684,0.9058546374661895,22063.0,
Rain tomorrow,0.7211249463288966,0.526819322459222,0.6088453869856806,6376.0,
accuracy,0.8482365765322268,0.8482365765322268,0.8482365765322268,0.8482365765322268,0.8719275562036876
macro avg,0.7971294804391633,0.7339712349049952,0.7573500122259351,28439.0,
weighted avg,0.8390537086675733,0.8482365765322268,0.8392654120692444,28439.0,
