,precision,recall,f1-score,support,ROC_AUC
No rain tomorrow,0.8726037165988506,0.9428027556200144,0.90634599045814,22064.0,
Rain tomorrow,0.7256521739130435,0.523607843137255,0.6082915717539863,6375.0,
accuracy,0.8488343471992686,0.8488343471992686,0.8488343471992686,0.8488343471992686,0.8738197258598871
macro avg,0.799127945255947,0.7332052993786347,0.7573187811060631,28439.0,
weighted avg,0.8396624709635604,0.8488343471992686,0.8395329197018201,28439.0,
