,RMSE,MSE,MAE,EVS,R2,Max Error
0,0.7294060462059437,0.5320331802417873,0.5399476330693107,0.4548877207225427,0.4548091300816246,3.44240264544235
