,RMSE,MSE,MAE,EVS,R2,Max Error
0,0.7528272289534544,0.566748836653737,0.5507585659562166,0.45728889444102894,0.45715722866173936,3.53518778863271
