,precision,recall,f1-score,support,ROC_AUC
No rain tomorrow,0.8721773011018475,0.9435706839505054,0.9064704345554296,22063.0,
Rain tomorrow,0.7275711159737418,0.5214868255959849,0.6075278640599305,6376.0,
accuracy,0.8489398361405113,0.8489398361405113,0.8489398361405113,0.8489398361405113,0.8724138020750547
macro avg,0.7998742085377947,0.7325287547732451,0.7569991493076802,28439.0,
weighted avg,0.8397567154139962,0.8489398361405113,0.8394477604290784,28439.0,
