,precision,recall,f1-score,support,ROC_AUC
No rain tomorrow,0.8706109109192994,0.941757693876626,0.904787824685928,22063.0,
Rain tomorrow,0.7190028427727968,0.5156838143036386,0.6006027947757786,6376.0,
accuracy,0.8462322866486164,0.8462322866486164,0.8462322866486164,0.8462322866486164,0.873007907491556
macro avg,0.7948068768460481,0.7287207540901324,0.7526953097308533,28439.0,
weighted avg,0.8366205089184519,0.8462322866486164,0.836589795546116,28439.0,
