,precision,recall,f1-score,support,ROC_AUC
No rain tomorrow,0.8725962545561188,0.9440239314689752,0.90690586083776,22063.0,
Rain tomorrow,0.7297001532063909,0.5229803921568628,0.6092836257309941,6375.0,
accuracy,0.8496378085660032,0.8496378085660032,0.8496378085660032,0.8496378085660032,0.8774966019766924
macro avg,0.8011482038812549,0.7335021618129189,0.7580947432843772,28438.0,
weighted avg,0.8405629664871789,0.8496378085660032,0.840187324062824,28438.0,
