,precision,recall,f1-score,support,ROC_AUC
No rain tomorrow,0.8751787968026925,0.9428908126728006,0.9077738747190888,22063.0,
Rain tomorrow,0.7300771208226221,0.5345882352941177,0.6172235805487639,6375.0,
accuracy,0.8513608551937548,0.8513608551937548,0.8513608551937548,0.8513608551937548,0.8783012531849526
macro avg,0.8026279588126572,0.7387395239834591,0.7624987276339263,28438.0,
weighted avg,0.8426510809164506,0.8513608551937548,0.8426406682581626,28438.0,
