,precision,recall,f1-score,support,ROC_AUC
No rain tomorrow,0.8713710354086256,0.9413524292965916,0.9050108932461872,22064.0,
Rain tomorrow,0.7188789919617641,0.5190588235294118,0.6028420477318273,6375.0,
accuracy,0.8466894053940012,0.8466894053940012,0.8466894053940012,0.8466894053940012,0.8748795304924
macro avg,0.7951250136851948,0.7302056264130017,0.7539264704890073,28439.0,
weighted avg,0.8371878089599549,0.8466894053940012,0.8372755161178058,28439.0,
