,RMSE,MSE,MAE,EVS,R2,Max Error
0,0.6972445307680916,0.4861499356860161,0.4465334726035138,0.5617107520711926,0.5528412179334947,3.56384157153228
