,RMSE,MSE,MAE,EVS,R2,Max Error
0,0.6855674892620149,0.470002782333023,0.4492906009606724,0.4550272734133617,0.4449622976840971,3.155670190346213
