,RMSE,MSE,MAE,EVS,R2,Max Error
0,0.7115747005439211,0.506338554454171,0.4638847416898658,0.48161573874221986,0.47699867087830194,3.229399220995876
