,RMSE,MSE,MAE,EVS,R2,Max Error
0,0.7531597306634619,0.5672495798930585,0.46379565476210494,0.46458983237840656,0.4635461089801165,3.7410393880984145
