,RMSE,MSE,MAE,EVS,R2,Max Error
0,0.6864685703800103,0.47123909811957515,0.44433726784175265,0.5397871742525687,0.5386669309893388,2.7018876153087317
