,RMSE,MSE,MAE,EVS,R2,Max Error
0,0.29094766534024463,0.08465054396693898,0.20988448184485717,0.7792255254753291,0.7727288045571725,0.8168999608019643
