,RMSE,MSE,MAE,EVS,R2,Max Error
0,0.3500614369181279,0.12254300961718445,0.27659972107541436,0.6850991047274535,0.6118035541638434,0.8586236739924189
