,RMSE,MSE,MAE,EVS,R2,Max Error
0,0.7318203210402414,0.5355609822874421,0.5059230484931665,0.8158641796002456,0.8002752079178124,2.2325476305427885
