,RMSE,MSE,MAE,EVS,R2,Max Error
0,0.5593017685338727,0.3128184682851177,0.3983496822762038,0.6913781892566634,0.6913764333825113,4.235772106675768
