,RMSE,MSE,MAE,EVS,R2,Max Error
0,0.5457271462168558,0.29781811811799347,0.38838366960312276,0.6961967252590888,0.6961889166001458,3.8431846690544784
