,RMSE,MSE,MAE,EVS,R2,Max Error
0,0.522757990598871,0.27327591673496926,0.3708011551821361,0.7271016494142556,0.7271007268872293,4.554975386167268
