,RMSE,MSE,MAE,EVS,R2,Max Error
0,0.5459081266654993,0.2980156827594348,0.39227271201538694,0.7114671864949643,0.7114615260708264,3.2501781436001265
