,RMSE,MSE,MAE,EVS,R2,Max Error
0,0.5332229256521075,0.284326688440993,0.37434515847962463,0.7074120784106228,0.7073466413335812,5.2040695108199255
