,precision,recall,f1-score,support,ROC_AUC
Bad,0.7216494845360825,0.7497565725413826,0.7354345749761223,1027.0,
Good,0.7166482910694597,0.6863780359028511,0.7011866235167206,947.0,
accuracy,0.7193515704154002,0.7193515704154002,0.7193515704154002,0.7193515704154002,0.7773906015922778
macro avg,0.7191488878027711,0.7180673042221168,0.7183105992464214,1974.0,
weighted avg,0.7192502291090856,0.7193515704154002,0.7190045800257405,1974.0,
