,precision,recall,f1-score,support,ROC_AUC
Bad,0.7176241480038948,0.7176241480038948,0.7176241480038948,1027.0,
Good,0.6937697993664202,0.6937697993664202,0.6937697993664202,947.0,
accuracy,0.7061803444782169,0.7061803444782169,0.7061803444782169,0.7061803444782169,0.78930029643141
macro avg,0.7056969736851575,0.7056969736851575,0.7056969736851575,1974.0,
weighted avg,0.7061803444782169,0.7061803444782169,0.7061803444782169,1974.0,
