,precision,recall,f1-score,support,ROC_AUC
Bad,0.7404505386875612,0.7361246348588121,0.73828125,1027.0,
Good,0.7156348373557188,0.720168954593453,0.7178947368421053,947.0,
accuracy,0.7284701114488349,0.7284701114488349,0.7284701114488349,0.7284701114488349,0.7933431972435889
macro avg,0.72804268802164,0.7281467947261325,0.7280879934210527,1974.0,
weighted avg,0.7285455391124575,0.7284701114488349,0.728501093991628,1974.0,
