,precision,recall,f1-score,support,ROC_AUC
Bad,0.75049115913556,0.7439143135345667,0.7471882640586798,1027.0,
Good,0.7248953974895398,0.7317845828933475,0.7283236994219655,947.0,
accuracy,0.7380952380952381,0.7380952380952381,0.7380952380952381,0.7380952380952381,0.8005149249050709
macro avg,0.7376932783125498,0.737849448213957,0.7377559817403226,1974.0,
weighted avg,0.7382119360966637,0.7380952380952381,0.7381382424219176,1974.0,
