,precision,recall,f1-score,support,ROC_AUC
Bad,0.7536231884057971,0.7587548638132295,0.7561803199224431,1028.0,
Good,0.7361702127659574,0.7307286166842661,0.7334393216746158,947.0,
accuracy,0.7453164556962025,0.7453164556962025,0.7453164556962025,0.7453164556962025,0.8136856507751286
macro avg,0.7448967005858773,0.7447417402487478,0.7448098207985294,1975.0,
weighted avg,0.7452545970483652,0.7453164556962025,0.7452761551929785,1975.0,
