,precision,recall,f1-score,support,ROC_AUC
No College,0.8155339805825242,0.84,0.8275862068965517,100.0,
College,0.8350515463917526,0.81,0.8223350253807107,100.0,
accuracy,0.825,0.825,0.825,0.825,0.8873500000000001
macro avg,0.8252927634871384,0.825,0.8249606161386311,200.0,
weighted avg,0.8252927634871383,0.825,0.8249606161386311,200.0,
