,precision,recall,f1-score,support,ROC_AUC
No College,0.7757009345794392,0.83,0.8019323671497584,100.0,
College,0.8172043010752689,0.76,0.7875647668393783,100.0,
accuracy,0.795,0.795,0.795,0.795,0.8539
macro avg,0.7964526178273541,0.7949999999999999,0.7947485669945683,200.0,
weighted avg,0.796452617827354,0.795,0.7947485669945684,200.0,
