,precision,recall,f1-score,support,ROC_AUC
Neutral or dissatisfied,0.955969095289524,0.977156929347826,0.966446898752782,11776.0,
Satisfied,0.9692360475754804,0.9411438089950028,0.9549833793453152,9005.0,
accuracy,0.9615514171599056,0.9615514171599056,0.9615514171599056,0.9615514171599056,0.9949388351202835
macro avg,0.9626025714325022,0.9591503691714144,0.9607151390490488,20781.0,
weighted avg,0.9617180441050304,0.9615514171599056,0.961479428839677,20781.0,
