,precision,recall,f1-score,support,ROC_AUC
Neutral or dissatisfied,0.9564749689697972,0.9815726902173914,0.9688613218222204,11776.0,
Satisfied,0.9750459981600736,0.941588006662965,0.9580249703406588,9005.0,
accuracy,0.9642461864202878,0.9642461864202878,0.9642461864202878,0.9642461864202878,0.9952529627637425
macro avg,0.9657604835649354,0.961580348440178,0.9634431460814395,20781.0,
weighted avg,0.9645223255868244,0.9642461864202878,0.9641656216590202,20781.0,
