,precision,recall,f1-score,support,ROC_AUC
Neutral or dissatisfied,0.9569144088159748,0.9807235054347826,0.9686726777102118,11776.0,
Satisfied,0.9739439853076216,0.9422543031649084,0.9578371056047864,9005.0,
accuracy,0.964053702901689,0.964053702901689,0.964053702901689,0.964053702901689,0.9954843644382348
macro avg,0.9654291970617984,0.9614889042998456,0.9632548916574992,20781.0,
weighted avg,0.9642938100145352,0.964053702901689,0.9639773152729202,20781.0,
