,precision,recall,f1-score,support,ROC_AUC
Neutral or dissatisfied,0.9593158419129856,0.9811480978260868,0.9701091519731316,11776.0,
Satisfied,0.9745908206478195,0.9455857856746251,0.9598692368391388,9005.0,
accuracy,0.9657379336894278,0.9657379336894278,0.9657379336894278,0.9657379336894278,0.9956072864109312
macro avg,0.9669533312804026,0.963366941750356,0.9649891944061352,20781.0,
weighted avg,0.9659349258602058,0.9657379336894278,0.9656719046904406,20781.0,
