,precision,recall,f1-score,support,ROC_AUC
Neutral or dissatisfied,0.9563633352653804,0.9808917197452228,0.9684722455140028,11775.0,
Satisfied,0.9741468459152016,0.9414769572459744,0.9575333182742264,9005.0,
accuracy,0.9638113570741096,0.9638113570741096,0.9638113570741096,0.9638113570741096,0.9947248320407042
macro avg,0.965255090590291,0.9611843384955988,0.9630027818941146,20780.0,
weighted avg,0.9640698084800888,0.9638113570741096,0.9637318682380552,20780.0,
