,precision,recall,f1-score,support,ROC_AUC
No rain tomorrow,0.8714839354919365,0.9478765353759688,0.9080764220581852,22063.0,
Rain tomorrow,0.7410493132177437,0.516235294117647,0.608542899408284,6375.0,
accuracy,0.8511147056755046,0.8511147056755046,0.8511147056755046,0.8511147056755046,0.8774893713456918
macro avg,0.8062666243548401,0.732055914746808,0.7583096607332345,28438.0,
weighted avg,0.8422441606484884,0.8511147056755046,0.8409294283563382,28438.0,
