,precision,recall,f1-score,support,ROC_AUC
No rain tomorrow,0.870196520215296,0.9452930245206908,0.9061916141646752,22063.0,
Rain tomorrow,0.730098389982111,0.5120765370138017,0.6019542772861356,6376.0,
accuracy,0.8481662505713984,0.8481662505713984,0.8481662505713984,0.8481662505713984,0.8721076396319403
macro avg,0.8001474550987036,0.7286847807672463,0.7540729457254054,28439.0,
weighted avg,0.8387866366621898,0.8481662505713984,0.8379818578463247,28439.0,
