,precision,recall,f1-score,support,ROC_AUC
No rain tomorrow,0.8698535852834439,0.9451570502651498,0.9059431749065948,22063.0,
Rain tomorrow,0.729003359462486,0.5105882352941177,0.6005535055350554,6375.0,
accuracy,0.8477389408537872,0.8477389408537872,0.8477389408537872,0.8477389408537872,0.8758891800930135
macro avg,0.799428472372965,0.7278726427796338,0.7532483402208251,28438.0,
weighted avg,0.8382789249835422,0.8477389408537872,0.8374833977688368,28438.0,
