,precision,recall,f1-score,support,ROC_AUC
No rain tomorrow,0.8697068403908795,0.9439332819652811,0.9053011367341172,22063.0,
Rain tomorrow,0.7246828399732917,0.5106649937264742,0.5991351550280614,6376.0,
accuracy,0.8467948943352439,0.8467948943352439,0.8467948943352439,0.8467948943352439,0.8725065273045234
macro avg,0.7971948401820856,0.7272991378458777,0.7522181458810893,28439.0,
weighted avg,0.8371925808647873,0.8467948943352439,0.8366589798594799,28439.0,
