,precision,recall,f1-score,support,ROC_AUC
No rain tomorrow,0.8681478405315615,0.9474709934735316,0.9060766296809986,22064.0,
Rain tomorrow,0.734113328745125,0.5019607843137255,0.5962362586174771,6375.0,
accuracy,0.8476036428847709,0.8476036428847709,0.8476036428847709,0.8476036428847709,0.8763134837691422
macro avg,0.8011305846383432,0.7247158888936285,0.7511564441492378,28439.0,
weighted avg,0.8381021282126146,0.8476036428847709,0.8366215726983357,28439.0,
