,RMSE,MSE,MAE,EVS,R2,Max Error
0,0.8239794606847712,0.6789421516303664,0.6037166624061996,0.35002553359274513,0.34969634636486113,3.913760562297646
