,RMSE,MSE,MAE,EVS,R2,Max Error
0,0.8039551651501422,0.6463439075715924,0.6007364546382298,0.3376714315684014,0.3376713890752906,3.7919637473961356
