,RMSE,MSE,MAE,EVS,R2,Max Error
0,0.7876457474573274,0.620385823487612,0.5864027456576545,0.34970807292690165,0.3495109452487698,3.7857635227030766
