,RMSE,MSE,MAE,EVS,R2,Max Error
0,0.836236405250998,0.6992913254671113,0.6150490826399044,0.3419131134743153,0.34092005889771304,3.7875830903299557
