,RMSE,MSE,MAE,EVS,R2,Max Error
0,0.8154218708370902,0.6649128274394602,0.6027076904901209,0.31155078130688096,0.31150135590442474,3.759634523435854
