,precision,recall,f1-score,support,ROC_AUC
Not Potable,0.6295025728987993,0.9197994987468672,0.7474541751527496,399.0,
Potable,0.5555555555555556,0.15625,0.2439024390243902,256.0,
accuracy,0.6213740458015267,0.6213740458015267,0.6213740458015267,0.6213740458015267,0.5642034774436091
macro avg,0.5925290642271774,0.5380247493734336,0.4956783070885699,655.0,
weighted avg,0.6006011432196079,0.6213740458015267,0.550646168360597,655.0,
