,precision,recall,f1-score,support,ROC_AUC
Not Potable,0.6292947558770343,0.87,0.7303252885624344,400.0,
Potable,0.4901960784313725,0.196078431372549,0.2801120448179271,255.0,
accuracy,0.6076335877862595,0.6076335877862595,0.6076335877862595,0.6076335877862595,0.5769803921568628
macro avg,0.5597454171542035,0.5330392156862745,0.5052186666901808,655.0,
weighted avg,0.5751418356500972,0.6076335877862595,0.555051430310756,655.0,
