,precision,recall,f1-score,support,ROC_AUC
Not Potable,0.659047619047619,0.865,0.7481081081081081,400.0,
Potable,0.5846153846153846,0.2980392156862745,0.3948051948051948,255.0,
accuracy,0.6442748091603053,0.6442748091603053,0.6442748091603053,0.6442748091603053,0.6143725490196078
macro avg,0.6218315018315018,0.5815196078431373,0.5714566514566515,655.0,
weighted avg,0.6300701842686576,0.6442748091603053,0.6105626991123174,655.0,
