,precision,recall,f1-score,support,ROC_AUC
Not Potable,0.6152542372881356,0.9097744360902256,0.7340748230535894,399.0,
Potable,0.4461538461538462,0.11328125,0.1806853582554517,256.0,
accuracy,0.5984732824427481,0.5984732824427481,0.5984732824427481,0.5984732824427481,0.5401687813283208
macro avg,0.5307040417209908,0.5115278430451128,0.4573800906545205,655.0,
weighted avg,0.5491630920509171,0.5984732824427481,0.5177882536057677,655.0,
