,precision,recall,f1-score,support,ROC_AUC
Not Potable,0.6547169811320754,0.8675,0.7462365591397849,400.0,
Potable,0.5793650793650794,0.28515625,0.3821989528795811,256.0,
accuracy,0.6402439024390244,0.6402439024390244,0.6402439024390244,0.6402439024390244,0.5668359374999999
macro avg,0.6170410302485774,0.5763281250000001,0.564217756009683,656.0,
weighted avg,0.6253113609303209,0.6402439024390244,0.604173103038242,656.0,
