,RMSE,MSE,MAE,EVS,R2,Max Error
0,0.34754809170722833,0.12078967604933599,0.20293317929217305,0.895926472407492,0.8951462885806983,2.0079714513690927
