,RMSE,MSE,MAE,EVS,R2,Max Error
0,0.37433367770879145,0.14012570226698937,0.203802393756986,0.8554584257185935,0.8554530236142736,1.8669733115284795
