,RMSE,MSE,MAE,EVS,R2,Max Error
0,0.3767073125054305,0.14190839929506405,0.2089287994741002,0.806143734688404,0.8057287793708531,1.8375425442730782
