,RMSE,MSE,MAE,EVS,R2,Max Error
0,0.35332897080344317,0.12484136160902039,0.20353862488004004,0.8843171154062476,0.8839358897496014,1.787161445880627
