,RMSE,MSE,MAE,EVS,R2,Max Error
0,0.4138820587885939,0.1712983585870851,0.22732199313370338,0.842971599662556,0.8424643054929314,1.9516355580838534
