,RMSE,MSE,MAE,EVS,R2,Max Error
0,0.7276458352776994,0.5294684615969809,0.5317043952033395,0.5011634004811181,0.5009775900598257,3.342562257984086
