,RMSE,MSE,MAE,EVS,R2,Max Error
0,0.6964657279771893,0.4850645102467963,0.5141276323631897,0.5031448335103311,0.5029393802322655,3.4652304603833652
