,RMSE,MSE,MAE,EVS,R2,Max Error
0,612328275663.3309,3.7494591717682815e+23,13447272801.879698,-3.880587714894385e+23,-3.882460150145356e+23,33639540580272.562
