,RMSE,MSE,MAE,EVS,R2,Max Error
0,0.7186316843969723,0.5164314978192296,0.5220458173816095,0.5054427170747443,0.505352128929313,3.4237641859489187
