,RMSE,MSE,MAE,EVS,R2,Max Error
0,0.7216247286361026,0.5207422489791288,0.5345804053065185,0.454364348782916,0.4539895650690553,3.2008822248842375
