,RMSE,MSE,MAE,EVS,R2,Max Error
0,0.8373335159011402,0.701127416851365,0.6232887251597482,0.3450554776221433,0.3433677801077768,3.5003025325400587
