,RMSE,MSE,MAE,EVS,R2,Max Error
0,0.74691626809138,0.5578839115395542,0.579565843685134,0.04623062950225976,0.04294399365868429,2.1141858213286984
