,RMSE,MSE,MAE,EVS,R2,Max Error
0,0.8035599731392084,0.6457086304314852,0.621109655462484,0.3219410389472199,0.3219049715620178,2.877972842235522
