,RMSE,MSE,MAE,EVS,R2,Max Error
0,0.7156890400123199,0.512210801993756,0.5629470144900706,0.12173258145532473,0.12129671707467715,2.0968776467443626
