,RMSE,MSE,MAE,EVS,R2,Max Error
0,0.8510107720887672,0.7242193342111197,0.6257295236158866,0.32271138172183855,0.32174133020285467,3.518236685436597
