,RMSE,MSE,MAE,EVS,R2,Max Error
0,0.8656179845601014,0.749294495193892,0.6328429154433599,0.23441069001848636,0.2131236163168514,3.758187296793958
