,RMSE,MSE,MAE,EVS,R2,Max Error
0,1.1104456382101453,1.2330895154199368,0.7246350298899286,0.19180965811763595,0.18673374834378886,5.051012733432061
