,RMSE,MSE,MAE,EVS,R2,Max Error
0,0.9973355652353437,0.9946782296833026,0.7399464689216367,-0.05906659020531757,-0.0736448944481356,4.003340331246405
