,RMSE,MSE,MAE,EVS,R2,Max Error
0,67753450433.41648,4.5905300456334237e+21,1715890656.85546,-4.7027398667730435e+21,-4.7040582465701565e+21,3714006885789.8755
