,RMSE,MSE,MAE,EVS,R2,Max Error
0,64404004667.897545,4.147875817262569e+21,1411070190.94375,-3.907704842802868e+21,-3.9093603048985455e+21,3623390334654.8745
