,RMSE,MSE,MAE,EVS,R2,Max Error
0,7481036144.13138,5.59659017898001e+19,217373464.76603326,-5.863790597317635e+19,-5.868155779074504e+19,373690565082.4618
