,RMSE,MSE,MAE,EVS,R2,Max Error
0,79886380660.40154,6.381833815018576e+21,1491384410.979844,-6.605907375570105e+21,-6.608210500922606e+21,4699366587506.103
