,RMSE,MSE,MAE,EVS,R2,Max Error
0,14423104765.634047,2.0802595108045557e+20,420865726.23753303,-1.9919083535212033e+20,-1.9925119645862678e+20,779261390283.6396
