,RMSE,MSE,MAE,EVS,R2,Max Error
0,0.8480237530227168,0.7191442856907339,0.6312193988056484,0.15158363377022066,0.15074504456747073,3.11644131627585
