,RMSE,MSE,MAE,EVS,R2,Max Error
0,0.8058557292027803,0.6494034562889447,0.5711391441874137,0.36772831419295693,0.36424780814793645,2.742404478871713
