,RMSE,MSE,MAE,EVS,R2,Max Error
0,0.876810624170949,0.7687968706590492,0.6209111142034559,0.27341344297621306,0.27294071729994074,3.1691725850802444
