,RMSE,MSE,MAE,EVS,R2,Max Error
0,0.7231274790817137,0.5229133510030742,0.5347964912344343,0.4522055268271171,0.4517131137868752,3.1942743606045942
