,RMSE,MSE,MAE,EVS,R2,Max Error
0,0.7568229338668503,0.5727809532268269,0.5580957984740342,0.4073218131040577,0.4069013359554303,3.4859121751707685
