,RMSE,MSE,MAE,EVS,R2,Max Error
0,0.7749365294211106,0.6005266246312359,0.5655821141780795,0.4349147048657376,0.43400548815913353,3.373747246216932
