,precision,recall,f1-score,support,ROC_AUC
No recidivism,0.6827661909989023,0.7843631778058008,0.7300469483568076,793.0,
Recidivism,0.6785714285714286,0.5553846153846154,0.61082910321489,650.0,
accuracy,0.6812196812196812,0.6812196812196812,0.6812196812196812,0.6812196812196812,0.727714618294694
macro avg,0.6806688097851654,0.669873896595208,0.6704380257858489,1443.0,
weighted avg,0.6808766583739142,0.6812196812196812,0.6763452163108988,1443.0,
