,precision,recall,f1-score,support,ROC_AUC
No recidivism,0.6876404494382022,0.7727272727272727,0.727705112960761,792.0,
Recidivism,0.6739130434782609,0.5723076923076923,0.6189683860232945,650.0,
accuracy,0.6823855755894591,0.6823855755894591,0.6823855755894591,0.6823855755894591,0.7376757964257965
macro avg,0.6807767464582315,0.6725174825174824,0.6733367494920277,1442.0,
weighted avg,0.6814526450873271,0.6823855755894591,0.6786906382663414,1442.0,
