,precision,recall,f1-score,support,ROC_AUC
No recidivism,0.6801801801801802,0.7616645649432535,0.7186198691255204,793.0,
Recidivism,0.6594594594594595,0.563076923076923,0.6074688796680499,650.0,
accuracy,0.6722106722106722,0.6722106722106722,0.6722106722106722,0.6722106722106722,0.7094315646522457
macro avg,0.6698198198198199,0.6623707440100883,0.6630443743967851,1443.0,
weighted avg,0.6708465221978736,0.6722106722106722,0.6685518558563895,1443.0,
