,precision,recall,f1-score,support,ROC_AUC
No recidivism,0.6862967157417894,0.7641866330390921,0.7231503579952268,793.0,
Recidivism,0.6660714285714285,0.5738461538461539,0.6165289256198347,650.0,
accuracy,0.6784476784476784,0.6784476784476784,0.6784476784476784,0.6784476784476784,0.7320486953147736
macro avg,0.676184072156609,0.669016393442623,0.6698396418075308,1443.0,
weighted avg,0.6771862260254107,0.6784476784476784,0.6751226857540592,1443.0,
