,precision,recall,f1-score,support,ROC_AUC
No recidivism,0.6611295681063123,0.7537878787878788,0.704424778761062,792.0,
Recidivism,0.6388888888888888,0.5299539170506913,0.5793450881612091,651.0,
accuracy,0.6528066528066528,0.6528066528066528,0.6528066528066528,0.6528066528066528,0.6932380642058062
macro avg,0.6500092284976006,0.6418708979192851,0.6418849334611356,1443.0,
weighted avg,0.6510958313283894,0.6528066528066528,0.6479958954758893,1443.0,
