,precision,recall,f1-score,support,ROC_AUC
Bad,0.7192307692307692,0.7283349561830574,0.7237542331881954,1027.0,
Good,0.7012847965738758,0.6916578669482577,0.6964380648591175,947.0,
accuracy,0.7107396149949341,0.7107396149949341,0.7107396149949341,0.7107396149949341,0.7870906845683958
macro avg,0.7102577829023224,0.7099964115656576,0.7100961490236565,1974.0,
weighted avg,0.7106214297646709,0.7107396149949341,0.7106496681387341,1974.0,
