,precision,recall,f1-score,support,ROC_AUC
Bad,0.7325581395348837,0.7361246348588121,0.7343370568237009,1027.0,
Good,0.7123142250530785,0.7085533262935586,0.7104287983059819,947.0,
accuracy,0.7228976697061803,0.7228976697061803,0.7228976697061803,0.7228976697061803,0.7926172847376382
macro avg,0.7224361822939811,0.7223389805761853,0.7223829275648415,1974.0,
weighted avg,0.722846393327047,0.7228976697061803,0.7228673907566898,1974.0,
