,precision,recall,f1-score,support,ROC_AUC
Bad,0.7375478927203065,0.7490272373540856,0.7432432432432432,1028.0,
Good,0.7228786251342643,0.7106652587117213,0.716719914802982,947.0,
accuracy,0.730632911392405,0.730632911392405,0.730632911392405,0.730632911392405,0.8093559838769984
macro avg,0.7302132589272854,0.7298462480329034,0.7299815790231126,1975.0,
weighted avg,0.7305140717562649,0.730632911392405,0.7305254751253053,1975.0,
