,precision,recall,f1-score,support,ROC_AUC
Bad,0.7445600756859035,0.7663096397273612,0.755278310940499,1027.0,
Good,0.7382769901853872,0.7148891235480465,0.7263948497854078,947.0,
accuracy,0.7416413373860182,0.7416413373860182,0.7416413373860182,0.7416413373860182,0.8004141608461713
macro avg,0.7414185329356453,0.7405993816377039,0.7408365803629534,1974.0,
weighted avg,0.7415458497644299,0.7416413373860182,0.7414218581979097,1974.0,
