,precision,recall,f1-score,support,ROC_AUC
Bad,0.7222222222222222,0.759493670886076,0.740389178927385,1027.0,
Good,0.7237136465324385,0.6832101372756072,0.7028788701792504,947.0,
accuracy,0.7228976697061803,0.7228976697061803,0.7228976697061803,0.7228976697061803,0.7811579435495065
macro avg,0.7229679343773303,0.7213519040808416,0.7216340245533177,1974.0,
weighted avg,0.7229377130133948,0.7228976697061803,0.7223941118633103,1974.0,
