,RMSE,MSE,MAE,EVS,R2,Max Error
0,1183702705149.0974,1.4011520941772912e+24,283302861497.4078,-3.5779261666773824e+24,-3.7618365638059493e+24,5521812287717.616
