,RMSE,MSE,MAE,EVS,R2,Max Error
0,215648551305.47626,4.650429768015062e+22,42259839771.59892,-1.7162699772826348e+22,-1.734267710359682e+22,1316677828089.4211
