,RMSE,MSE,MAE,EVS,R2,Max Error
0,15836416704.598005,2.5079209404167075e+20,3235885003.174467,-2.7620077687888635e+20,-2.8786406089952726e+20,97570128852.72438
