,RMSE,MSE,MAE,EVS,R2,Max Error
0,15543169356.732475,2.4159011365206743e+20,4737243541.314046,-7.054958745518613e+20,-7.653184278879843e+20,76751707612.76134
