,RMSE,MSE,MAE,EVS,R2,Max Error
0,85907014836.07556,7.380015198045707e+21,13583091693.72651,-6.214456517715261e+21,-6.373801556628666e+21,543323667735.75055
