,RMSE,MSE,MAE,EVS,R2,Max Error
0,0.6678524609374765,0.44602690958024366,0.420671748723734,0.8526601655571803,0.8336648211404558,2.1981677717582806
