,RMSE,MSE,MAE,EVS,R2,Max Error
0,0.21824223614483132,0.04762967363749632,0.1292097858305428,0.9543980527702514,0.9543793963689914,2.2243431651776073
