,RMSE,MSE,MAE,EVS,R2,Max Error
0,0.22014011585930493,0.048461670610548194,0.13748930614451338,0.9498360748368037,0.9498192949074866,1.945099309931688
