,RMSE,MSE,MAE,EVS,R2,Max Error
0,0.2096729696261026,0.043962754191828546,0.12881652028318252,0.9585842761486574,0.9585652382802117,1.8867059916742779
