,RMSE,MSE,MAE,EVS,R2,Max Error
0,0.20988950100400625,0.044053602631710743,0.12397304702466883,0.9538427902073368,0.9538087666588015,2.2770199145495553
