,RMSE,MSE,MAE,EVS,R2,Max Error
0,0.2060133241937939,0.042441489745377224,0.12243861195102018,0.9565094714787578,0.9565088915988315,2.549302712185671
