,RMSE,MSE,MAE,EVS,R2,Max Error
0,0.6065769462384641,0.3679355917079806,0.4422945899006943,0.6246760797118704,0.6246604758482812,3.802835451500173
