,RMSE,MSE,MAE,EVS,R2,Max Error
0,0.6304511557615801,0.39746865980111207,0.45210036432282863,0.6078818563156771,0.6078614025605202,7.811582076756312
