,RMSE,MSE,MAE,EVS,R2,Max Error
0,0.2540794976538484,0.06455639112803195,0.2038344890190838,0.8371287900307363,0.8266779219886317,0.6825011624444324
