,RMSE,MSE,MAE,EVS,R2,Max Error
0,0.5002014335411058,0.2502014741165773,0.30936547207014153,0.9087254358986805,0.9066932822791598,2.0344493396764793
