,RMSE,MSE,MAE,EVS,R2,Max Error
0,0.38351863579591444,0.14708654400275928,0.23736735296807762,0.8325346732198471,0.8311711937248067,1.6597891423998683
