,RMSE,MSE,MAE,EVS,R2,Max Error
0,0.3734866361802583,0.13949226740524462,0.2949144752194932,0.8868331584668311,0.8795265311430998,1.3005511080576109
