,RMSE,MSE,MAE,EVS,R2,Max Error
0,0.248206137552828,0.06160628671889338,0.19186604842805927,0.8055681613183567,0.8048412421063638,0.6970092670446919
