,RMSE,MSE,MAE,EVS,R2,Max Error
0,0.3891222345893167,0.1514161134517832,0.24353342602139535,0.8450152080559944,0.8449398596820585,3.9676032238440953
