,RMSE,MSE,MAE,EVS,R2,Max Error
0,0.3987357089047847,0.15899016555580123,0.2443430560963946,0.8392501621214877,0.8392456261306902,3.1069345068907857
