,RMSE,MSE,MAE,EVS,R2,Max Error
0,0.4023902887904868,0.1619179445128914,0.24650020312332652,0.8427267212735201,0.8427004861840666,3.2766726863261106
