,RMSE,MSE,MAE,EVS,R2,Max Error
0,0.40083114634763906,0.16066560788236245,0.24539438058199517,0.842162187863247,0.8421518635426222,3.0702715439476216
