,RMSE,MSE,MAE,EVS,R2,Max Error
0,0.3856298732614291,0.1487103991516259,0.241204484178692,0.8493678685444623,0.8493622247599446,2.7777746637224823
