,precision,recall,f1-score,support,ROC_AUC
No College,0.8811881188118812,0.89,0.8855721393034827,100.0,
College,0.8888888888888888,0.88,0.8844221105527638,100.0,
accuracy,0.885,0.885,0.885,0.885,0.9451
macro avg,0.885038503850385,0.885,0.8849971249281232,200.0,
weighted avg,0.8850385038503851,0.885,0.8849971249281232,200.0,
