,precision,recall,f1-score,support,ROC_AUC
No College,0.9204545454545454,0.81,0.8617021276595745,100.0,
College,0.8303571428571429,0.93,0.8773584905660378,100.0,
accuracy,0.87,0.87,0.87,0.87,0.9450999999999999
macro avg,0.8754058441558441,0.8700000000000001,0.8695303091128062,200.0,
weighted avg,0.8754058441558442,0.87,0.8695303091128062,200.0,
