,precision,recall,f1-score,support,ROC_AUC
No College,0.8584905660377359,0.91,0.883495145631068,100.0,
College,0.9042553191489362,0.85,0.8762886597938143,100.0,
accuracy,0.88,0.88,0.88,0.88,0.9665
macro avg,0.8813729425933361,0.88,0.8798919027124412,200.0,
weighted avg,0.881372942593336,0.88,0.8798919027124411,200.0,
