,precision,recall,f1-score,support,ROC_AUC
No rain tomorrow,0.8693414777006109,0.941803018628473,0.9041227020559122,22063.0,
Rain tomorrow,0.716931216931217,0.5101176470588236,0.5960956832554304,6375.0,
accuracy,0.8450312961530346,0.8450312961530346,0.8450312961530346,0.8450312961530346,0.8707076046935114
macro avg,0.7931363473159139,0.7259603328436484,0.7501091926556713,28438.0,
weighted avg,0.8351753826023309,0.8450312961530346,0.835071705331351,28438.0,
