,precision,recall,f1-score,support,ROC_AUC
No rain tomorrow,0.8665056628914057,0.9432080859357296,0.903231406931574,22063.0,
Rain tomorrow,0.7167081166628985,0.497176913425345,0.5870913973516065,6376.0,
accuracy,0.8432082703329934,0.8432082703329934,0.8432082703329934,0.8432082703329934,0.8648926656419216
macro avg,0.7916068897771521,0.7201924996805372,0.7451614021415902,28439.0,
weighted avg,0.8329211783893852,0.8432082703329934,0.8323530813546595,28439.0,
