,precision,recall,f1-score,support,ROC_AUC
No rain tomorrow,0.8664778643121902,0.9429387237128354,0.9030927835051544,22064.0,
Rain tomorrow,0.7156729900632339,0.4970980392156863,0.5866888827177636,6375.0,
accuracy,0.8429972924505081,0.8429972924505081,0.8429972924505081,0.8429972924505081,0.8689522814201822
macro avg,0.7910754271877121,0.7200183814642609,0.7448908331114591,28439.0,
weighted avg,0.8326728404598361,0.8429972924505081,0.832166419444547,28439.0,
