,precision,recall,f1-score,support,ROC_AUC
No rain tomorrow,0.8664556171116757,0.9428001631691066,0.9030171478185368,22063.0,
Rain tomorrow,0.7152527075812274,0.497176913425345,0.5866025166543302,6376.0,
accuracy,0.8428918035092654,0.8428918035092654,0.8428918035092654,0.8428918035092654,0.8670170359079516
macro avg,0.7908541623464516,0.7199885382972259,0.7448098322364336,28439.0,
weighted avg,0.832556051333479,0.8428918035092654,0.832077252312261,28439.0,
