,precision,recall,f1-score,support,ROC_AUC
No rain tomorrow,0.8679268851230378,0.944794452250374,0.9047309027777778,22063.0,
Rain tomorrow,0.72449672019905,0.5024313725490196,0.5933679140422378,6375.0,
accuracy,0.8456290878402138,0.8456290878402138,0.8456290878402138,0.8456290878402138,0.8692557089191114
macro avg,0.7962118026610439,0.7236129123996968,0.7490494084100078,28438.0,
weighted avg,0.8357738750171787,0.8456290878402138,0.8349320753922701,28438.0,
