,RMSE,MSE,MAE,EVS,R2,Max Error
0,0.8722826864984387,0.7608770851649334,0.623676019547108,0.31348791871365644,0.3001482758101066,3.32433836670974
