,RMSE,MSE,MAE,EVS,R2,Max Error
0,0.8892214023985876,0.7907147024837108,0.6235222210083203,0.2522134252025774,0.2522127933281403,3.2027716564318496
