,RMSE,MSE,MAE,EVS,R2,Max Error
0,379364701928.2992,1.439175770691473e+23,24539062623.888203,-1.4030274413983361e+23,-1.4089225146815143e+23,5864835966975.224
