,RMSE,MSE,MAE,EVS,R2,Max Error
0,3.8832951426705837,15.07998116508895,0.8798877065445172,-16.75993519216854,-16.808316059940864,58.70138203541581
