,RMSE,MSE,MAE,EVS,R2,Max Error
0,1.3954332333528767,1.9472339087456638,0.6988551621009383,-0.9613155890708847,-1.0113141956623375,17.083285594889745
