,RMSE,MSE,MAE,EVS,R2,Max Error
0,0.19762539770045054,0.03905579781626124,0.11182242446280875,0.9605190609202021,0.9605108259245387,2.4042055834169593
