,RMSE,MSE,MAE,EVS,R2,Max Error
0,0.21047236869602257,0.044298617984514455,0.12119116146799215,0.9569740011612557,0.956964923852976,2.5003398442518643
