,RMSE,MSE,MAE,EVS,R2,Max Error
0,0.4239222839712383,0.17971010284739122,0.11701623908695068,0.816009055914533,0.8159649384149478,39.00368094961532
