,RMSE,MSE,MAE,EVS,R2,Max Error
0,0.24408587909961033,0.059577916375829584,0.16021850249357106,0.93965273543931,0.9396499180454596,2.6721922499961117
