,RMSE,MSE,MAE,EVS,R2,Max Error
0,0.2347987431771943,0.05513044979759004,0.1341751376543238,0.945843872104904,0.9458363312640108,2.952534477356576
