,precision,recall,f1-score,support,ROC_AUC
No rain tomorrow,0.8814736842105263,0.9488736799166024,0.913932726518674,22063.0,
Rain tomorrow,0.7593856655290102,0.5584313725490196,0.6435867305432523,6375.0,
accuracy,0.8613474927913355,0.8613474927913355,0.8613474927913355,0.8613474927913355,0.8940354652852394
macro avg,0.8204296748697683,0.7536525262328111,0.7787597285309631,28438.0,
weighted avg,0.8541049832085338,0.8613474927913355,0.8533287556225732,28438.0,
