,precision,recall,f1-score,support,ROC_AUC
No rain tomorrow,0.8795944233206591,0.9436613334541992,0.9105022631360288,22063.0,
Rain tomorrow,0.7393583560494863,0.5530112923462986,0.6327501121579183,6376.0,
accuracy,0.8560779211645979,0.8560779211645979,0.8560779211645979,0.8560779211645979,0.8881424541880213
macro avg,0.8094763896850727,0.7483363129002489,0.7716261876469735,28439.0,
weighted avg,0.8481536143990726,0.8560779211645979,0.8482304633316604,28439.0,
