,precision,recall,f1-score,support,ROC_AUC
No rain tomorrow,0.87893850042123,0.94570340826686,0.9110994672954328,22064.0,
Rain tomorrow,0.7450521387529262,0.5491764705882353,0.6322918547950154,6375.0,
accuracy,0.8568163437532965,0.8568163437532965,0.8568163437532965,0.8568163437532965,0.8909454208079169
macro avg,0.8119953195870782,0.7474399394275477,0.771695661045224,28439.0,
weighted avg,0.8489259980253849,0.8568163437532965,0.8486008376076744,28439.0,
