,precision,recall,f1-score,support,ROC_AUC
No rain tomorrow,0.8817962908199907,0.9460635453020896,0.9128001049547384,22063.0,
Rain tomorrow,0.750367107195301,0.5610980392156862,0.6420750314126727,6375.0,
accuracy,0.8597651030311555,0.8597651030311555,0.8597651030311555,0.8597651030311555,0.8930061206189407
macro avg,0.8160816990076458,0.7535807922588879,0.7774375681837056,28438.0,
weighted avg,0.8523335632861487,0.8597651030311555,0.8521111555268367,28438.0,
