,precision,recall,f1-score,support,ROC_AUC
No rain tomorrow,0.883212298806642,0.9426188641617188,0.9119491339618504,22063.0,
Rain tomorrow,0.741210139002453,0.5686951066499373,0.6435924742634007,6376.0,
accuracy,0.8587854706564928,0.8587854706564928,0.8587854706564928,0.8587854706564928,0.8899136098571611
macro avg,0.8122112189045475,0.7556569854058279,0.7777708041126256,28439.0,
weighted avg,0.851375533417159,0.8587854706564928,0.8517837954394932,28439.0,
