,RMSE,MSE,MAE,EVS,R2,Max Error
0,0.7994096211069303,0.6390557423183258,0.6253029357294905,0.3512814066910718,0.3510919249357738,3.3676390854471108
