,RMSE,MSE,MAE,EVS,R2,Max Error
0,0.8439960954594815,0.7123294091508503,0.645104796735473,0.3058854122156719,0.30532434622726645,4.037622690984483
