,RMSE,MSE,MAE,EVS,R2,Max Error
0,0.7924884483374349,0.6280379407482752,0.6180113479961783,0.3942073248920781,0.392811846806319,3.527364761529073
