,RMSE,MSE,MAE,EVS,R2,Max Error
0,0.793985150157916,0.6304124186712885,0.6220917732549257,0.31185109294754476,0.3117658641491309,3.7516227747441366
