,RMSE,MSE,MAE,EVS,R2,Max Error
0,0.8426820329723389,0.710113008694394,0.6570603121775656,0.31641297768742493,0.3153044381012381,3.5366807191823075
