,RMSE,MSE,MAE,EVS,R2,Max Error
0,0.842307303213024,0.7094815930459972,0.6208998845138308,0.1639529716289011,0.1621559530244323,2.7641100307950683
