,RMSE,MSE,MAE,EVS,R2,Max Error
0,0.9149843208163374,0.8371963073397343,0.6481150362598979,0.2084898953593648,0.20825465096942142,3.155718110110347
