,RMSE,MSE,MAE,EVS,R2,Max Error
0,0.939096995014524,0.881903166045309,0.6867552673160512,0.1990741865902571,0.188828966781742,2.981803925422556
