,precision,recall,f1-score,support,ROC_AUC
Not Potable,0.6691176470588235,0.91,0.771186440677966,400.0,
Potable,0.6756756756756757,0.2941176470588235,0.4098360655737705,255.0,
accuracy,0.6702290076335878,0.6702290076335878,0.6702290076335878,0.6702290076335878,0.6834803921568628
macro avg,0.6723966613672496,0.6020588235294118,0.5905112531258683,655.0,
weighted avg,0.6716707727035521,0.6702290076335878,0.6305080503702258,655.0,
