,precision,recall,f1-score,support,ROC_AUC
Not Potable,0.6588693957115009,0.845,0.7404162102957285,400.0,
Potable,0.5664335664335665,0.31640625,0.4060150375939849,256.0,
accuracy,0.6387195121951219,0.6387195121951219,0.6387195121951219,0.6387195121951219,0.6297851562500001
macro avg,0.6126514810725336,0.580703125,0.5732156239448567,656.0,
weighted avg,0.6227968769688924,0.6387195121951219,0.609918191680414,656.0,
