,precision,recall,f1-score,support,ROC_AUC
Not Potable,0.64030131826742,0.8521303258145363,0.7311827956989247,399.0,
Potable,0.5241935483870968,0.25390625,0.3421052631578947,256.0,
accuracy,0.6183206106870229,0.6183206106870229,0.6183206106870229,0.6183206106870229,0.6091302474937343
macro avg,0.5822474333272584,0.5530182879072681,0.5366440294284097,655.0,
weighted avg,0.5949217929401486,0.6183206106870229,0.5791158516828886,655.0,
