,precision,recall,f1-score,support,ROC_AUC
Not Potable,0.6376554174067496,0.899749373433584,0.7463617463617463,399.0,
Potable,0.5652173913043478,0.203125,0.2988505747126437,256.0,
accuracy,0.6274809160305344,0.6274809160305344,0.6274809160305344,0.6274809160305344,0.5960017230576441
macro avg,0.6014364043555487,0.551437186716792,0.522606160537195,655.0,
weighted avg,0.6093437614033681,0.6274809160305344,0.5714566166790437,655.0,
