,precision,recall,f1-score,support,ROC_AUC
Not Potable,0.6568265682656826,0.89,0.7558386411889596,400.0,
Potable,0.6106194690265486,0.2705882352941176,0.3749999999999999,255.0,
accuracy,0.648854961832061,0.648854961832061,0.648854961832061,0.648854961832061,0.6231960784313726
macro avg,0.6337230186461156,0.5802941176470588,0.5654193205944797,655.0,
weighted avg,0.6388375448977754,0.648854961832061,0.6075732159932578,655.0,
