,RMSE,MSE,MAE,EVS,R2,Max Error
0,0.398775140924996,0.1590216130197504,0.26488400185552774,0.9467625996748472,0.9406966533273377,1.5266515066491468
