,RMSE,MSE,MAE,EVS,R2,Max Error
0,0.23843757216501837,0.056852475819948345,0.18083286893999748,0.9520606080028337,0.950898963056968,0.5951125777908779
