,RMSE,MSE,MAE,EVS,R2,Max Error
0,0.22360312895149215,0.04999835927689763,0.1681437429377528,0.8416302738533399,0.8416132798634227,0.7644345016028654
