,RMSE,MSE,MAE,EVS,R2,Max Error
0,0.25888961952556866,0.06702383509809369,0.18321709387548485,0.8430345715748475,0.8200532871725442,0.6562007056010588
