,RMSE,MSE,MAE,EVS,R2,Max Error
0,0.3465786759333361,0.1201167786117044,0.2451117276260555,0.8621458715022986,0.8621276168793843,0.9895230702755837
