,precision,recall,f1-score,support,ROC_AUC
No Churn,0.8328816621499548,0.8908212560386474,0.8608776844070961,1035.0,
Churn,0.6245847176079734,0.5040214477211796,0.5578635014836796,373.0,
accuracy,0.7883522727272727,0.7883522727272727,0.7883522727272727,0.7883522727272727,0.8217274740645762
macro avg,0.7287331898789642,0.6974213518799135,0.7093705929453878,1408.0,
weighted avg,0.7777007244268305,0.7883522727272727,0.780604751004799,1408.0,
