,precision,recall,f1-score,support,ROC_AUC
No Churn,0.8322756119673618,0.8878143133462283,0.8591483387927001,1034.0,
Churn,0.6196721311475409,0.5053475935828877,0.5567010309278351,374.0,
accuracy,0.7862215909090909,0.7862215909090909,0.7862215909090909,0.7862215909090909,0.8297290518106311
macro avg,0.7259738715574513,0.696580953464558,0.7079246848602676,1408.0,
weighted avg,0.7758028123745969,0.7862215909090909,0.7788107726410953,1408.0,
