,precision,recall,f1-score,support,ROC_AUC
No Churn,0.8553113553113553,0.902415458937198,0.8782322519981194,1035.0,
Churn,0.6813880126182965,0.5775401069518716,0.6251808972503619,374.0,
accuracy,0.8161816891412349,0.8161816891412349,0.8161816891412349,0.8161816891412349,0.8614934511353949
macro avg,0.7683496839648258,0.7399777829445349,0.7517065746242406,1409.0,
weighted avg,0.8091457554765761,0.8161816891412349,0.8110631911921141,1409.0,
