,precision,recall,f1-score,support,ROC_AUC
No Churn,0.8505957836846929,0.8966183574879227,0.8730009407337724,1035.0,
Churn,0.6635220125786163,0.5641711229946524,0.6098265895953757,374.0,
accuracy,0.808374733853797,0.808374733853797,0.808374733853797,0.808374733853797,0.8511405616264951
macro avg,0.7570588981316546,0.7303947402412876,0.741413765164574,1409.0,
weighted avg,0.8009395804244568,0.808374733853797,0.8031448674010823,1409.0,
