,precision,recall,f1-score,support,ROC_AUC
No Churn,0.8495897903372835,0.9004830917874396,0.874296435272045,1035.0,
Churn,0.6698717948717948,0.5588235294117647,0.6093294460641399,374.0,
accuracy,0.8097941802696949,0.8097941802696949,0.8097941802696949,0.8097941802696949,0.8409155493554471
macro avg,0.7597307926045391,0.7296533105996021,0.7418129406680924,1409.0,
weighted avg,0.8018860782690842,0.8097941802696949,0.8039645304006776,1409.0,
