,precision,recall,f1-score,support,ROC_AUC
No Churn,0.8342293906810035,0.9003868471953579,0.866046511627907,1034.0,
Churn,0.6472602739726028,0.5053475935828877,0.5675675675675675,374.0,
accuracy,0.7954545454545454,0.7954545454545454,0.7954545454545454,0.7954545454545454,0.8265148067315549
macro avg,0.7407448323268031,0.7028672203891229,0.7168070395977373,1408.0,
weighted avg,0.7845657190553346,0.7954545454545454,0.7867630421118793,1408.0,
