,precision,recall,f1-score,support,ROC_AUC
No Churn,0.8073630136986302,0.9111111111111112,0.8561053109396277,1035.0,
Churn,0.6182572614107884,0.3983957219251337,0.4845528455284553,374.0,
accuracy,0.7750177430801988,0.7750177430801988,0.7750177430801988,0.7750177430801988,0.7944134439019349
macro avg,0.7128101375547093,0.6547534165181224,0.6703290782340415,1409.0,
weighted avg,0.7571674485065415,0.7750177430801988,0.7574817324699482,1409.0,
