,precision,recall,f1-score,support,ROC_AUC
No Churn,0.85451197053407,0.8966183574879227,0.875058934464875,1035.0,
Churn,0.6687306501547987,0.5775401069518716,0.6197991391678623,374.0,
accuracy,0.8119233498935415,0.8119233498935415,0.8119233498935415,0.8119233498935415,0.8562026918804412
macro avg,0.7616213103444344,0.7370792322198971,0.7474290368163687,1409.0,
weighted avg,0.805198830845037,0.8119233498935415,0.8073036729736879,1409.0,
