,precision,recall,f1-score,support,ROC_AUC
No Churn,0.8561020036429873,0.9082125603864736,0.8813877168307549,1035.0,
Churn,0.6945337620578779,0.5775401069518716,0.6306569343065693,374.0,
accuracy,0.8204400283889283,0.8204400283889283,0.8204400283889283,0.8204400283889283,0.8635976129582269
macro avg,0.7753178828504326,0.7428763336691726,0.7560223255686621,1409.0,
weighted avg,0.8132158983535401,0.8204400283889283,0.8148346205468334,1409.0,
