,precision,recall,f1-score,support,ROC_AUC
No rain tomorrow,0.8677101111434875,0.944794452250374,0.9046131146118128,22063.0,
Rain tomorrow,0.7241223103057758,0.5014901960784314,0.5925857275254865,6375.0,
accuracy,0.8454181025388564,0.8454181025388564,0.8454181025388564,0.8454181025388564,0.8691941667933094
macro avg,0.7959162107246316,0.7231423241644026,0.7485994210686496,28438.0,
weighted avg,0.835521763498069,0.8454181025388564,0.8346653477971516,28438.0,
