,RMSE,MSE,MAE,EVS,R2,Max Error
0,0.7954715088459973,0.6327749213857274,0.6257777525413462,0.3091867272556904,0.3091866715984126,3.9391464087042305
