,RMSE,MSE,MAE,EVS,R2,Max Error
0,0.8293043714734726,0.6877457405450115,0.653139351604217,0.3376763087533956,0.3368711029083501,3.4039945924237456
