,RMSE,MSE,MAE,EVS,R2,Max Error
0,0.8047533246576449,0.6476279135475329,0.6255878030996179,0.3423876632072199,0.3423875964036708,3.3436281444926905
