,RMSE,MSE,MAE,EVS,R2,Max Error
0,0.8362680023112367,0.6993441716896265,0.6455631995079081,0.31881646315996814,0.3179877688052042,4.002107711568225
