,RMSE,MSE,MAE,EVS,R2,Max Error
0,0.8158605108634196,0.6656283731863201,0.6212623128885023,0.3577582973739095,0.3564693525573026,5.434420766470462
