,RMSE,MSE,MAE,EVS,R2,Max Error
0,0.9036682335665415,0.8166162763572733,0.09005655142608326,0.2067129285038195,0.20667629748134575,92.38163183019505
