,RMSE,MSE,MAE,EVS,R2,Max Error
0,0.14828052292635036,0.021987113479311912,0.07744736906074011,0.9774855819121707,0.9774837378693235,1.766441217515235
