,RMSE,MSE,MAE,EVS,R2,Max Error
0,0.1689594800715468,0.028547305906047416,0.08131004521830865,0.9719556942117463,0.9719533066376743,6.383330047333523
