,RMSE,MSE,MAE,EVS,R2,Max Error
0,0.1521825673561362,0.023159533807104928,0.07918807331579458,0.976544732071553,0.9765403047251454,1.8374220124095122
