,RMSE,MSE,MAE,EVS,R2,Max Error
0,0.15771615396266309,0.02487438522077445,0.08175786410153647,0.9748592482450696,0.9748496002405496,1.6648373780050547
