,precision,recall,f1-score,support,ROC_AUC
No recidivism,0.6808988764044944,0.7651515151515151,0.7205707491082046,792.0,
Recidivism,0.6630434782608695,0.563076923076923,0.6089850249584026,650.0,
accuracy,0.6740638002773925,0.6740638002773925,0.6740638002773925,0.6740638002773925,0.742739898989899
macro avg,0.671971177332682,0.6641142191142191,0.6647778870333036,1442.0,
weighted avg,0.6728503266171462,0.6740638002773925,0.6702720523693895,1442.0,
