,precision,recall,f1-score,support,ROC_AUC
No recidivism,0.680365296803653,0.7515762925598991,0.7142001198322349,793.0,
Recidivism,0.6525573192239859,0.5692307692307692,0.6080525883319639,650.0,
accuracy,0.6694386694386695,0.6694386694386695,0.6694386694386695,0.6694386694386695,0.7067591424968476
macro avg,0.6664613080138194,0.6604035308953342,0.6611263540820993,1443.0,
weighted avg,0.6678391807767758,0.6694386694386695,0.6663859164537345,1443.0,
