,precision,recall,f1-score,support,ROC_AUC
No recidivism,0.712778429073857,0.7667087011349306,0.738760631834751,793.0,
Recidivism,0.6864406779661016,0.6230769230769231,0.6532258064516129,650.0,
accuracy,0.702009702009702,0.702009702009702,0.702009702009702,0.702009702009702,0.7553118634203122
macro avg,0.6996095535199793,0.6948928121059268,0.6959932191431819,1443.0,
weighted avg,0.7009145772235167,0.702009702009702,0.7002314312117158,1443.0,
