,precision,recall,f1-score,support,ROC_AUC
No recidivism,0.6714601769911505,0.7664141414141414,0.7158018867924529,792.0,
Recidivism,0.6567717996289425,0.543778801843318,0.5949579831932773,651.0,
accuracy,0.665973665973666,0.665973665973666,0.665973665973666,0.665973665973666,0.7145097286226318
macro avg,0.6641159883100465,0.6550964716287297,0.6553799349928651,1443.0,
weighted avg,0.6648336117362666,0.665973665973666,0.6612839510730744,1443.0,
