,precision,recall,f1-score,support,ROC_AUC
No recidivism,0.6987399770904925,0.7692307692307693,0.7322929171668666,793.0,
Recidivism,0.6789473684210526,0.5953846153846154,0.6344262295081967,650.0,
accuracy,0.6909216909216909,0.6909216909216909,0.6909216909216909,0.6909216909216909,0.7342739353962557
macro avg,0.6888436727557725,0.6823076923076923,0.6833595733375317,1443.0,
weighted avg,0.6898243875997538,0.6909216909216909,0.6882088236269251,1443.0,
