,precision,recall,f1-score,support,ROC_AUC
Bad,0.7419354838709677,0.73904576436222,0.7404878048780489,1027.0,
Good,0.7181913774973712,0.7212249208025343,0.7197049525816649,947.0,
accuracy,0.7304964539007093,0.7304964539007093,0.7304964539007093,0.7304964539007093,0.7994754099709122
macro avg,0.7300634306841695,0.7301353425823771,0.7300963787298569,1974.0,
weighted avg,0.7305445675914358,0.7304964539007093,0.7305175104886489,1974.0,
