,precision,recall,f1-score,support,ROC_AUC
Bad,0.7189922480620154,0.7224926971762414,0.7207382224380766,1027.0,
Good,0.697452229299363,0.6937697993664202,0.6956061408152461,947.0,
accuracy,0.7087132725430598,0.7087132725430598,0.7087132725430598,0.7087132725430598,0.7898925423286163
macro avg,0.7082222386806892,0.7081312482713309,0.7081721816266613,1974.0,
weighted avg,0.7086587132250185,0.7087132725430598,0.7086814436656245,1974.0,
