,precision,recall,f1-score,support,ROC_AUC
Bad,0.7504780114722753,0.7636186770428015,0.7569913211186113,1028.0,
Good,0.7384284176533907,0.7243928194297783,0.7313432835820897,947.0,
accuracy,0.7448101265822785,0.7448101265822785,0.7448101265822785,0.7448101265822785,0.812488957551802
macro avg,0.7444532145628331,0.7440057482362898,0.7441673023503506,1975.0,
weighted avg,0.7447003074993721,0.7448101265822785,0.7446932494492007,1975.0,
