,precision,recall,f1-score,support,ROC_AUC
Bad,0.7428023032629558,0.75365141187926,0.7481875302078298,1027.0,
Good,0.7285407725321889,0.7170010559662091,0.7227248536455562,947.0,
accuracy,0.7360688956433638,0.7360688956433638,0.7360688956433638,0.7360688956433638,0.8023451292401876
macro avg,0.7356715378975723,0.7353262339227346,0.735456191926693,1974.0,
weighted avg,0.735960525349057,0.7360688956433638,0.7359721529512577,1974.0,
