,precision,recall,f1-score,support,ROC_AUC
Bad,0.7202216066481995,0.759493670886076,0.7393364928909953,1027.0,
Good,0.7227833894500562,0.6800422386483632,0.7007616974972796,947.0,
accuracy,0.7213779128672746,0.7213779128672746,0.7213779128672746,0.7213779128672746,0.7811363512511709
macro avg,0.7215024980491278,0.7197679547672196,0.7200490951941374,1974.0,
weighted avg,0.721450587556689,0.7213779128672746,0.720830752648924,1974.0,
