,precision,recall,f1-score,support,ROC_AUC
Income <= 50K,0.8798552932216298,0.934668284789644,0.9064338956453512,4944.0,
Income > 50K,0.7438540840602696,0.5978330146590185,0.6628975265017668,1569.0,
accuracy,0.8535237217871948,0.8535237217871948,0.8535237217871948,0.8535237217871948,0.9070608662784821
macro avg,0.8118546886409497,0.7662506497243313,0.784665711073559,6513.0,
weighted avg,0.847092219803209,0.8535237217871948,0.8477653000386748,6513.0,
