,precision,recall,f1-score,support,ROC_AUC
Income <= 50K,0.8830521472392638,0.9316343042071198,0.9066929133858268,4944.0,
Income > 50K,0.7391975308641975,0.610969387755102,0.6689944134078212,1568.0,
accuracy,0.8544226044226044,0.8544226044226044,0.8544226044226044,0.8544226044226044,0.9060483796066972
macro avg,0.8111248390517307,0.771301845981111,0.787843663396824,6512.0,
weighted avg,0.8484139349425647,0.8544226044226044,0.8494583851355944,6512.0,
