,precision,recall,f1-score,support,ROC_AUC
Income <= 50K,0.879601226993865,0.9279935275080906,0.9031496062992128,4944.0,
Income > 50K,0.7253086419753086,0.5994897959183674,0.6564245810055866,1568.0,
accuracy,0.8488943488943489,0.8488943488943489,0.8488943488943489,0.8488943488943489,0.901443037014563
macro avg,0.8024549344845868,0.763741661713229,0.7797870936523996,6512.0,
weighted avg,0.8424496954660554,0.8488943488943489,0.8437416149508704,6512.0,
