,precision,recall,f1-score,support,ROC_AUC
Income <= 50K,0.8764515514943841,0.9312297734627832,0.9030106894184564,4944.0,
Income > 50K,0.7299444003177125,0.5860969387755102,0.6501591793420587,1568.0,
accuracy,0.8481265356265356,0.8481265356265356,0.8481265356265356,0.8481265356265356,0.906599062561918
macro avg,0.8031979759060484,0.7586633561191467,0.7765849343802576,6512.0,
weighted avg,0.8411746453142519,0.8481265356265356,0.8421275248300363,6512.0,
