,precision,recall,f1-score,support,ROC_AUC
Income <= 50K,0.8775123246113007,0.936084142394822,0.905852417302799,4944.0,
Income > 50K,0.7447495961227787,0.5880102040816326,0.6571632216678546,1568.0,
accuracy,0.8522727272727273,0.8522727272727273,0.8522727272727273,0.8522727272727273,0.9078224584736808
macro avg,0.8111309603670397,0.7620471732382272,0.7815078194853268,6512.0,
weighted avg,0.8455448863020252,0.8522727272727273,0.8459714807617067,6512.0,
