,RMSE,MSE,MAE,EVS,R2,Max Error
0,0.5500709955161409,0.3025781001081183,0.39728426393388544,0.6804964430764127,0.6737241423650314,2.4326869958422654
