,RMSE,MSE,MAE,EVS,R2,Max Error
0,0.6754519496503325,0.45623533628643526,0.45345679964540403,0.6507337916551444,0.6427006291507297,3.3861573396001896
