,RMSE,MSE,MAE,EVS,R2,Max Error
0,0.5567703102260081,0.3099931783491653,0.39598689465789794,0.640057796101855,0.639901289779718,2.2469998189393254
