,RMSE,MSE,MAE,EVS,R2,Max Error
0,0.6025904532639035,0.3631152543647967,0.4222114393309121,0.6303279833355376,0.6297721881586722,2.8621174328312398
