,RMSE,MSE,MAE,EVS,R2,Max Error
0,0.5444898495260346,0.2964691962368838,0.4017584551962672,0.688948955070992,0.6876261744911281,2.5060616084937313
